Workbook

Sheet Site Wide
A1: Date and Time | B1: Sitewide savings | C1: Current BD | D1: Optimised BD | E1: Current Bore | F1: Optimised Bore | G1: Current KWRP | H1: Optimised KWRP
A2: 44197 | B2: ='N1'!AT2+'N2'!AT2+'N3'!AT2+'P2'!AT2+'A2'!AT2+'A3'!AR2 -> 18.212514
A3: 44197.021 | B3: ='N1'!AT3+'N2'!AT3+'N3'!AT3+'P2'!AT3+'A2'!AT3+'A3'!AR3 -> 42.587096
A4: 44197.042 | B4: ='N1'!AT4+'N2'!AT4+'N3'!AT4+'P2'!AT4+'A2'!AT4+'A3'!AR4 -> 19.781396
A5: 44197.062 | B5: ='N1'!AT5+'N2'!AT5+'N3'!AT5+'P2'!AT5+'A2'!AT5+'A3'!AR5 -> 47.920753
A6: 44197.083 | B6: ='N1'!AT6+'N2'!AT6+'N3'!AT6+'P2'!AT6+'A2'!AT6+'A3'!AR6 -> 62.216821
A7: 44197.104 | B7: ='N1'!AT7+'N2'!AT7+'N3'!AT7+'P2'!AT7+'A2'!AT7+'A3'!AR7 -> 51.751493
A8: 44197.125 | B8: ='N1'!AT8+'N2'!AT8+'N3'!AT8+'P2'!AT8+'A2'!AT8+'A3'!AR8 -> 48.977331
A9: 44197.146 | B9: ='N1'!AT9+'N2'!AT9+'N3'!AT9+'P2'!AT9+'A2'!AT9+'A3'!AR9 -> 39.434378
A10: 44197.167 | B10: ='N1'!AT10+'N2'!AT10+'N3'!AT10+'P2'!AT10+'A2'!AT10+'A3'!AR10 -> 20.031988
A11: 44197.188 | B11: ='N1'!AT11+'N2'!AT11+'N3'!AT11+'P2'!AT11+'A2'!AT11+'A3'!AR11 -> 43.162591
A12: 44197.208 | B12: ='N1'!AT12+'N2'!AT12+'N3'!AT12+'P2'!AT12+'A2'!AT12+'A3'!AR12 -> 22.333035
A13: 44197.229 | B13: ='N1'!AT13+'N2'!AT13+'N3'!AT13+'P2'!AT13+'A2'!AT13+'A3'!AR13 -> 21.559698
... A251: 44202.188 | B251: ='N1'!AT251+'N2'!AT251+'N3'!AT251+'P2'!AT251+'A2'!AT251+'A3'!AR251 -> 47.499466

Sheet N1
A1: supply_temp | B1: return_temp | C1: ct_conductivity | D1: ct_ph | E1: Bore | F1: CWRO | G1: BoilerBD | H1: BD | I1: scheme | J1: mu_conductivity | K1: mu_flow(PV) | L1: mu-flow(OV) | M1: m-saving(PV-OV) | N1: mu_ph | O1: cooling_tower_level | P1: relative_humidity | Q1: ambient_temp | R1: delta_temp | S1: wetBulb_temp | T1: approach_temp | U1: cond_coc | V1: ct_tds | W1: ct_ca | X1: ct_alk | Y1: ct_chloride | Z1: flow_cycle | AA1: sat_index | AB1: sta_index | AC1: perf_index | AD1: system_vol | AE1: rec_rate | AF1: evap_loss | AG1: drift_loss | AH1: blowdown_coc | AI1: hold_time_index | AJ1: dosing_residual | AK1: dosing_contact_time | AL1: dosing_density | AM1: dosing_continuous | AN1: dosing_initial | AO1: dosing_slug | AP1: currentOperatingCost | AQ1: newOperatingCost | AR1: updatedDateTime | AS1: Date and Time | AT1: =SUM(AT2:AT251) -> 2612.023 | AU1: Total Savings
A2: 20.76 | B2: 30.37 | C2: 5924.33 | D2: 7.61 | E2: [40.49, 62.44] | F2: [25.03, 5.46] | G2: [6.37, 6.37] | H2: [10.0, 12.38] | I2: 0 | J2: 906.05 | K2: =IF(E2=0,0, VALUE(MID(E2,2,FIND(",",E2)-2))+ VALUE(MID(F2,2,FIND(",",F2)-2))+ VALUE(MID(G2,2,FIND(",",G2)-2)) ) -> 71.89 | L2: =IF(E2=0,0, VALUE(MID(E2,FIND(",",E2)+1,FIND("]",E2)-FIND(",",E2)-1))+ VALUE(MID(F2,FIND(",",F2)+1,FIND("]",F2)-FIND(",",F2)-1))+ VALUE(MID(G2,FIND(",",G2)+1,FIND("]",G2)-FIND(",",G2)-1)) ) -> 74.27 | M2: =(K2-L2) -> -2.38 | N2: 7.3 | O2: 91.61 | P2: 59 | Q2: 21.1 | R2: 9.61 | S2: 15.87 | T2: 4.89 | U2: 6.54 | V2: 3791.57 | W2: 1118.63 | X2: 1256.11 | Y2: 782.42 | Z2: 5.81 | AA2: 1.63 | AB2: 4.35 | AC2: 66.28 | AD2: 490 | AE2: 4700 | AF2: 69.14 | AG2: 0.47 | AH2: 12.48 | AI2: 27.43 | AJ2: 60 | AK2: 9 | AL2: 9 | AM2: 0.83 | AN2: 294 | AO2: 301.43 | AP2: 449634.83 | AQ2: 253017.12 | AR2: 20230124-093759_8f3cf142-09ac-4146-806e-26f92db6205a | AT2: =(AP2-AQ2)/(365*24*2) -> 11.222472 | AU2: =SUM(AT2:AT251) -> 2612.023 | AV2: =250/48 -> 5.2083333
A3: 19.76 | B3: 29.44 | C3: 5732.92 | D3: 7.59 | E3: [52.3, 61.55] | F3: [24.99, 17.97] | G3: [6.14, 6.14] | H3: [10.0, 12.24] | I3: 0 | J3: 997.95 | K3: =IF(E3=0,0, VALUE(MID(E3,2,FIND(",",E3)-2))+ VALUE(MID(F3,2,FIND(",",F3)-2))+ VALUE(MID(G3,2,FIND(",",G3)-2)) ) -> 83.43 | L3: =IF(E3=0,0, VALUE(MID(E3,FIND(",",E3)+1,FIND("]",E3)-FIND(",",E3)-1))+ VALUE(MID(F3,FIND(",",F3)+1,FIND("]",F3)-FIND(",",F3)-1))+ VALUE(MID(G3,FIND(",",G3)+1,FIND("]",G3)-FIND(",",G3)-1)) ) -> 85.66 | M3: =(K3-L3) -> -2.23 | N3: 7.37 | O3: 92.04 | P3: 67 | Q3: 18.3 | R3: 9.68 | S3: 14.33 | T3: 5.42 | U3: 5.74 | V3: 3669.07 | W3: 1080.77 | X3: 1193.48 | Y3: 752.1 | Z3: 6.82 | AA3: 1.56 | AB3: 4.48 | AC3: 64.1 | AD3: 490 | AE3: 4700 | AF3: 69.63 | AG3: 0.47 | AH3: 14.68 | AI3: 27.75 | AJ3: 60 | AK3: 9 | AL3: 9 | AM3: 0.82 | AN3: 294 | AO3: 301.34 | AP3: 459321.39 | AQ3: 404056.38 | AR3: 20230124-093759_a884498a-9014-4d7b-93b0-1726eebac697 | AT3: =(AP3-AQ3)/(365*24*2) -> 3.1543955
A4: 21.42 | B4: 30.97 | C4: 5976.4 | D4: 7.6 | E4: [33.83, 55.48] | F4: [25.0, 4.34] | G4: [6.16, 6.16] | H4: [10.01, 11.0] | I4: 0 | J4: 843.47 | K4: =IF(E4=0,0, VALUE(MID(E4,2,FIND(",",E4)-2))+ VALUE(MID(F4,2,FIND(",",F4)-2))+ VALUE(MID(G4,2,FIND(",",G4)-2)) ) -> 64.99 | L4: =IF(E4=0,0, VALUE(MID(E4,FIND(",",E4)+1,FIND("]",E4)-FIND(",",E4)-1))+ VALUE(MID(F4,FIND(",",F4)+1,FIND("]",F4)-FIND(",",F4)-1))+ VALUE(MID(G4,FIND(",",G4)+1,FIND("]",G4)-FIND(",",G4)-1)) ) -> 65.98 | M4: =(K4-L4) -> -0.99 | N4: 7.24 | O4: 92.01 | P4: 63 | Q4: 21.3 | R4: 9.56 | S4: 16.58 | T4: 4.84 | U4: 7.09 | V4: 3824.9 | W4: 1129.37 | X4: 1281.78 | Y4: 792.27 | Z4: 5.91 | AA4: 1.64 | AB4: 4.31 | AC4: 66.37 | AD4: 490 | AE4: 4700 | AF4: 68.71 | AG4: 0.47 | AH4: 11.29 | AI4: 30.88 | AJ4: 60 | AK4: 9 | AL4: 9 | AM4: 0.73 | AN4: 294 | AO4: 300.6 | AP4: 443334.66 | AQ4: 218955.23 | AR4: 20230124-093759_cffc3147-744b-4994-ace0-e0882e8a1dd7 | AT4: =(AP4-AQ4)/(365*24*2) -> 12.807045
A5: 20.75 | B5: 30.47 | C5: 5878.94 | D5: 7.58 | E5: [40.9, 41.44] | F5: [24.94, 22.68] | G5: [6.16, 6.16] | H5: [9.99, 8.27] | I5: 0 | J5: 912.54 | K5: =IF(E5=0,0, VALUE(MID(E5,2,FIND(",",E5)-2))+ VALUE(MID(F5,2,FIND(",",F5)-2))+ VALUE(MID(G5,2,FIND(",",G5)-2)) ) -> 72 | L5: =IF(E5=0,0, VALUE(MID(E5,FIND(",",E5)+1,FIND("]",E5)-FIND(",",E5)-1))+ VALUE(MID(F5,FIND(",",F5)+1,FIND("]",F5)-FIND(",",F5)-1))+ VALUE(MID(G5,FIND(",",G5)+1,FIND("]",G5)-FIND(",",G5)-1)) ) -> 70.28 | M5: =(K5-L5) -> 1.72 | N5: 7.3 | O5: 91.46 | P5: 59 | Q5: 20 | R5: 9.72 | S5: 14.88 | T5: 5.87 | U5: 6.44 | V5: 3762.52 | W5: 1109.68 | X5: 1242.95 | Y5: 775.45 | Z5: 8.71 | AA5: 1.59 | AB5: 4.4 | AC5: 62.36 | AD5: 490 | AE5: 4700 | AF5: 69.91 | AG5: 0.47 | AH5: 12.85 | AI5: 41.07 | AJ5: 60 | AK5: 9 | AL5: 9 | AM5: 0.55 | AN5: 294 | AO5: 298.96 | AP5: 448674.97 | AQ5: 403895.05 | AR5: 20230124-093759_9f0a1368-5ec7-48f3-a1f7-b03589439cab | AT5: =(AP5-AQ5)/(365*24*2) -> 2.5559315
A6: 21.17 | B6: 30.7 | C6: 5916.9 | D6: 7.6 | E6: [13.37, 34.98] | F6: [24.98, 0.29] | G6: [6.29, 6.29] | H6: [10.0, 6.93] | I6: 0 | J6: 523.08 | K6: =IF(E6=0,0, VALUE(MID(E6,2,FIND(",",E6)-2))+ VALUE(MID(F6,2,FIND(",",F6)-2))+ VALUE(MID(G6,2,FIND(",",G6)-2)) ) -> 44.64 | L6: =IF(E6=0,0, VALUE(MID(E6,FIND(",",E6)+1,FIND("]",E6)-FIND(",",E6)-1))+ VALUE(MID(F6,FIND(",",F6)+1,FIND("]",F6)-FIND(",",F6)-1))+ VALUE(MID(G6,FIND(",",G6)+1,FIND("]",G6)-FIND(",",G6)-1)) ) -> 41.56 | M6: =(K6-L6) -> 3.08 | N6: 6.99 | O6: 91.91 | P6: 85 | Q6: 18.9 | R6: 9.53 | S6: 17.08 | T6: 4.09 | U6: 11.31 | V6: 3786.82 | W6: 1129.14 | X6: 1419.45 | Y6: 817.61 | Z6: 6.44 | AA6: 1.69 | AB6: 4.23 | AC6: 69.99 | AD6: 490 | AE6: 4700 | AF6: 68.56 | AG6: 0.47 | AH6: 6.65 | AI6: 49.02 | AJ6: 60 | AK6: 9 | AL6: 9 | AM6: 0.46 | AN6: 294 | AO6: 298.16 | AP6: 425136.63 | AQ6: 110138.14 | AR6: 20230124-093759_e697bf3c-588b-4d89-9b61-67d892014333 | AT6: =(AP6-AQ6)/(365*24*2) -> 17.979366
A7: 20.21 | B7: 29.67 | C7: 5811.62 | D7: 7.6 | E7: [52.92, 52.92] | F7: [24.99, 24.99] | G7: [6.19, 6.19] | H7: [10.0, 10.0] | I7: 0 | J7: 1001.5 | K7: =IF(E7=0,0, VALUE(MID(E7,2,FIND(",",E7)-2))+ VALUE(MID(F7,2,FIND(",",F7)-2))+ VALUE(MID(G7,2,FIND(",",G7)-2)) ) -> 84.1 | L7: =IF(E7=0,0, VALUE(MID(E7,FIND(",",E7)+1,FIND("]",E7)-FIND(",",E7)-1))+ VALUE(MID(F7,FIND(",",F7)+1,FIND("]",F7)-FIND(",",F7)-1))+ VALUE(MID(G7,FIND(",",G7)+1,FIND("]",G7)-FIND(",",G7)-1)) ) -> 84.1 | M7: =(K7-L7) -> 0 | N7: 7.37 | O7: 92.17 | P7: 64 | Q7: 19.7 | R7: 9.46 | S7: 15.25 | T7: 4.96 | U7: 5.8 | V7: 3719.44 | W7: 1095.61 | X7: 1209.55 | Y7: 762.4 | Z7: 8.41 | AA7: 1.59 | AB7: 4.43 | AC7: 65.59 | AD7: 490 | AE7: 4700 | AF7: 68.01 | AG7: 0.47 | AH7: 14.16 | AI7: 33.96 | AJ7: 60 | AK7: 9 | AL7: 9 | AM7: 0.67 | AN7: 294 | AO7: 300 | AP7: 459901.71 | AQ7: 459901.71 | AR7: 20230124-093759_5bf3c0ad-e364-4209-aee7-a3fb00439d48 | AT7: =(AP7-AQ7)/(365*24*2) -> 0
A8: 19.46 | B8: 29.22 | C8: 5725.12 | D8: 7.6 | E8: [38.39, 60.08] | F8: [25.07, 5.28] | G8: [6.1, 6.1] | H8: [10.01, 11.91] | I8: 0 | J8: 888.87 | K8: =IF(E8=0,0, VALUE(MID(E8,2,FIND(",",E8)-2))+ VALUE(MID(F8,2,FIND(",",F8)-2))+ VALUE(MID(G8,2,FIND(",",G8)-2)) ) -> 69.56 | L8: =IF(E8=0,0, VALUE(MID(E8,FIND(",",E8)+1,FIND("]",E8)-FIND(",",E8)-1))+ VALUE(MID(F8,FIND(",",F8)+1,FIND("]",F8)-FIND(",",F8)-1))+ VALUE(MID(G8,FIND(",",G8)+1,FIND("]",G8)-FIND(",",G8)-1)) ) -> 71.46 | M8: =(K8-L8) -> -1.9 | N8: 7.28 | O8: 91.76 | P8: 66 | Q8: 18.2 | R8: 9.76 | S8: 14.12 | T8: 5.34 | U8: 6.44 | V8: 3664.08 | W8: 1080.93 | X8: 1215.21 | Y8: 756.11 | Z8: 5.84 | AA8: 1.56 | AB8: 4.47 | AC8: 64.63 | AD8: 490 | AE8: 4700 | AF8: 70.19 | AG8: 0.47 | AH8: 12.9 | AI8: 28.51 | AJ8: 60 | AK8: 9 | AL8: 9 | AM8: 0.79 | AN8: 294 | AO8: 301.15 | AP8: 448105.4 | AQ8: 243772.76 | AR8: 20230124-093759_f9e7fcbc-77c4-4dc7-8ef4-49ac28693c79 | AT8: =(AP8-AQ8)/(365*24*2) -> 11.662822
A9: 20.4 | B9: 29.86 | C9: 5787.74 | D9: 7.6 | E9: [36.96, 53.36] | F9: [25.08, 9.26] | G9: [6.22, 6.22] | H9: [10.01, 10.59] | I9: 0 | J9: 874.01 | K9: =IF(E9=0,0, VALUE(MID(E9,2,FIND(",",E9)-2))+ VALUE(MID(F9,2,FIND(",",F9)-2))+ VALUE(MID(G9,2,FIND(",",G9)-2)) ) -> 68.26 | L9: =IF(E9=0,0, VALUE(MID(E9,FIND(",",E9)+1,FIND("]",E9)-FIND(",",E9)-1))+ VALUE(MID(F9,FIND(",",F9)+1,FIND("]",F9)-FIND(",",F9)-1))+ VALUE(MID(G9,FIND(",",G9)+1,FIND("]",G9)-FIND(",",G9)-1)) ) -> 68.84 | M9: =(K9-L9) -> -0.58 | N9: 7.27 | O9: 91.91 | P9: 73 | Q9: 18.4 | R9: 9.47 | S9: 15.15 | T9: 5.24 | U9: 6.62 | V9: 3704.15 | W9: 1093.2 | X9: 1233.58 | Y9: 765.62 | Z9: 6.44 | AA9: 1.59 | AB9: 4.41 | AC9: 64.35 | AD9: 490 | AE9: 4700 | AF9: 68.06 | AG9: 0.47 | AH9: 12.11 | AI9: 32.06 | AJ9: 60 | AK9: 9 | AL9: 9 | AM9: 0.71 | AN9: 294 | AO9: 300.36 | AP9: 447109.41 | AQ9: 273378.74 | AR9: 20230124-093759_73ba74f0-c493-4a9d-a540-f7430c20f7bd | AT9: =(AP9-AQ9)/(365*24*2) -> 9.9161341
A10: 20.91 | B10: 30.52 | C10: 5912.7 | D10: 7.6 | E10: [45.76, 75.11] | F10: [24.92, 0.45] | G10: [6.24, 6.24] | H10: [10.0, 14.87] | I10: 0 | J10: 951.86 | K10: =IF(E10=0,0, VALUE(MID(E10,2,FIND(",",E10)-2))+ VALUE(MID(F10,2,FIND(",",F10)-2))+ VALUE(MID(G10,2,FIND(",",G10)-2)) ) -> 76.92 | L10: =IF(E10=0,0, VALUE(MID(E10,FIND(",",E10)+1,FIND("]",E10)-FIND(",",E10)-1))+ VALUE(MID(F10,FIND(",",F10)+1,FIND("]",F10)-FIND(",",F10)-1))+ VALUE(MID(G10,FIND(",",G10)+1,FIND("]",G10)-FIND(",",G10)-1)) ) -> 81.8 | M10: =(K10-L10) -> -4.88 | N10: 7.33 | O10: 91.99 | P10: 58 | Q10: 21 | R10: 9.61 | S10: 15.64 | T10: 5.27 | U10: 6.21 | V10: 3784.13 | W10: 1115.51 | X10: 1241.77 | Y10: 778.17 | Z10: 5.17 | AA10: 1.61 | AB10: 4.37 | AC10: 64.59 | AD10: 490 | AE10: 4700 | AF10: 69.08 | AG10: 0.47 | AH10: 13.25 | AI10: 22.83 | AJ10: 60 | AK10: 9 | AL10: 9 | AM10: 0.99 | AN10: 294 | AO10: 302.92 | AP10: 452729.93 | AQ10: 227913.5 | AR10: 20230124-093759_a87f9bba-c063-48b0-9805-748c97392c9e | AT10: =(AP10-AQ10)/(365*24*2) -> 12.831988
A11: 19.87 | B11: 29.6 | C11: 5759.2 | D11: 7.59 | E11: [28.69, 50.25] | F11: [24.95, 3.36] | G11: [6.15, 6.15] | H11: [10.0, 9.96] | I11: 0 | J11: 784.45 | K11: =IF(E11=0,0, VALUE(MID(E11,2,FIND(",",E11)-2))+ VALUE(MID(F11,2,FIND(",",F11)-2))+ VALUE(MID(G11,2,FIND(",",G11)-2)) ) -> 59.79 | L11: =IF(E11=0,0, VALUE(MID(E11,FIND(",",E11)+1,FIND("]",E11)-FIND(",",E11)-1))+ VALUE(MID(F11,FIND(",",F11)+1,FIND("]",F11)-FIND(",",F11)-1))+ VALUE(MID(G11,FIND(",",G11)+1,FIND("]",G11)-FIND(",",G11)-1)) ) -> 59.76 | M11: =(K11-L11) -> 0.03 | N11: 7.19 | O11: 91.87 | P11: 72 | Q11: 18.2 | R11: 9.73 | S11: 14.84 | T11: 5.03 | U11: 7.34 | V11: 3685.89 | W11: 1089.57 | X11: 1252.65 | Y11: 767.28 | Z11: 6 | AA11: 1.59 | AB11: 4.42 | AC11: 65.95 | AD11: 490 | AE11: 4700 | AF11: 70 | AG11: 0.47 | AH11: 11.04 | AI11: 34.1 | AJ11: 60 | AK11: 9 | AL11: 9 | AM11: 0.66 | AN11: 294 | AO11: 299.98 | AP11: 438166.94 | AQ11: 191761.92 | AR11: 20230124-093759_27d58fd8-c9d7-41fe-ae29-27a121326add | AT11: =(AP11-AQ11)/(365*24*2) -> 14.064213
A12: 20.7 | B12: 30.3 | C12: 5882.47 | D12: 7.6 | E12: [59.11, 90.12] | F12: [24.99, 1.84] | G12: [6.21, 6.21] | H12: [10.0, 17.85] | I12: 0 | J12: 1038.24 | K12: =IF(E12=0,0, VALUE(MID(E12,2,FIND(",",E12)-2))+ VALUE(MID(F12,2,FIND(",",F12)-2))+ VALUE(MID(G12,2,FIND(",",G12)-2)) ) -> 90.31 | L12: =IF(E12=0,0, VALUE(MID(E12,FIND(",",E12)+1,FIND("]",E12)-FIND(",",E12)-1))+ VALUE(MID(F12,FIND(",",F12)+1,FIND("]",F12)-FIND(",",F12)-1))+ VALUE(MID(G12,FIND(",",G12)+1,FIND("]",G12)-FIND(",",G12)-1)) ) -> 98.17 | M12: =(K12-L12) -> -7.86 | N12: 7.4 | O12: 91.8 | P12: 59 | Q12: 21.2 | R12: 9.6 | S12: 15.95 | T12: 4.75 | U12: 5.67 | V12: 3764.78 | W12: 1108.47 | X12: 1217.32 | Y12: 770.18 | Z12: 5.06 | AA12: 1.6 | AB12: 4.4 | AC12: 66.9 | AD12: 490 | AE12: 4700 | AF12: 69.01 | AG12: 0.47 | AH12: 14.79 | AI12: 19.03 | AJ12: 60 | AK12: 9 | AL12: 9 | AM12: 1.19 | AN12: 294 | AO12: 304.71 | AP12: 465393.42 | AQ12: 288290.62 | AR12: 20230124-093759_bf97e8b9-d8f1-4edf-bea6-381a9adeadb3 | AT12: =(AP12-AQ12)/(365*24*2) -> 10.108607
A13: 21 | B13: 30.55 | C13: 5924.62 | D13: 7.61 | E13: [39.93, 68.53] | F13: [25.12, 0.08] | G13: [6.02, 6.02] | H13: [10.0, 13.57] | I13: 0 | J13: 903.02 | K13: =IF(E13=0,0, VALUE(MID(E13,2,FIND(",",E13)-2))+ VALUE(MID(F13,2,FIND(",",F13)-2))+ VALUE(MID(G13,2,FIND(",",G13)-2)) ) -> 71.07 | L13: =IF(E13=0,0, VALUE(MID(E13,FIND(",",E13)+1,FIND("]",E13)-FIND(",",E13)-1))+ VALUE(MID(F13,FIND(",",F13)+1,FIND("]",F13)-FIND(",",F13)-1))+ VALUE(MID(G13,FIND(",",G13)+1,FIND("]",G13)-FIND(",",G13)-1)) ) -> 74.63 | M13: =(K13-L13) -> -3.56 | N13: 7.29 | O13: 92.14 | P13: 62 | Q13: 21.1 | R13: 9.55 | S13: 16.26 | T13: 4.74 | U13: 6.56 | V13: 3791.76 | W13: 1118.2 | X13: 1253 | Y13: 781.36 | Z13: 5.24 | AA13: 1.63 | AB13: 4.34 | AC13: 66.83 | AD13: 490 | AE13: 4700 | AF13: 68.67 | AG13: 0.47 | AH13: 12.35 | AI13: 25.03 | AJ13: 60 | AK13: 9 | AL13: 9 | AM13: 0.9 | AN13: 294 | AO13: 302.14 | AP13: 449916.72 | AQ13: 204225.54 | AR13: 20230124-093759_5e9220f6-d8db-462c-ab1f-046510eb9f5f | AT13: =(AP13-AQ13)/(365*24*2) -> 14.023469
A14: 20.13 | B14: 29.76 | C14: 5843.46 | D14: 7.6 | E14: [53.1, 53.1] | F14: [25.04, 25.04] | G14: [6.39, 6.39] | H14: [10.0, 10.0] | I14: 0 | J14: 1000.48 | K14: =IF(E14=0,0, VALUE(MID(E14,2,FIND(",",E14)-2))+ VALUE(MID(F14,2,FIND(",",F14)-2))+ VALUE(MID(G14,2,FIND(",",G14)-2)) ) -> 84.53 | L14: =IF(E14=0,0, VALUE(MID(E14,FIND(",",E14)+1,FIND("]",E14)-FIND(",",E14)-1))+ VALUE(MID(F14,FIND(",",F14)+1,FIND("]",F14)-FIND(",",F14)-1))+ VALUE(MID(G14,FIND(",",G14)+1,FIND("]",G14)-FIND(",",G14)-1)) ) -> 84.53 | M14: =(K14-L14) -> 0 | N14: 7.37 | O14: 91.64 | P14: 55 | Q14: 20.3 | R14: 9.63 | S14: 14.63 | T14: 5.5 | U14: 5.84 | V14: 3739.81 | W14: 1101.83 | X14: 1217.87 | Y14: 767.1 | Z14: 8.45 | AA14: 1.59 | AB14: 4.42 | AC14: 63.65 | AD14: 490 | AE14: 4700 | AF14: 69.28 | AG14: 0.47 | AH14: 14.31 | AI14: 33.95 | AJ14: 60 | AK14: 9 | AL14: 9 | AM14: 0.67 | AN14: 294 | AO14: 300 | AP14: 460795.85 | AQ14: 460795.85 | AR14: 20230124-093759_c3d9a479-9ca6-4a54-af09-f91d19f3bb51 | AT14: =(AP14-AQ14)/(365*24*2) -> 0
... A69: 16.8 | B69: 27.47 | C69: 5515.91 | D69: 7.6 | E69: [13.44, 42.75] | F69: [25.07, 1.06] | G69: [7.0, 7.0] | H69: [3.17, 8.47] | I69: 0 | J69: 520.27 | K69: =IF(E69=0,0, VALUE(MID(E69,2,FIND(",",E69)-2))+ VALUE(MID(F69,2,FIND(",",F69)-2))+ VALUE(MID(G69,2,FIND(",",G69)-2)) ) -> 45.51 | L69: =IF(E69=0,0, VALUE(MID(E69,FIND(",",E69)+1,FIND("]",E69)-FIND(",",E69)-1))+ VALUE(MID(F69,FIND(",",F69)+1,FIND("]",F69)-FIND(",",F69)-1))+ VALUE(MID(G69,FIND(",",G69)+1,FIND("]",G69)-FIND(",",G69)-1)) ) -> 50.81 | M69: =(K69-L69) -> -5.3 | N69: 7 | O69: 86.3 | P69: 82 | Q69: 13.2 | R69: 10.67 | S69: 11.21 | T69: 5.59 | U69: 10.6 | V69: 3530.18 | W69: 1055.25 | X69: 1343.35 | Y69: 768.44 | Z69: 5.37 | AA69: 1.54 | AB69: 4.51 | AC69: 65.63 | AD69: 490 | AE69: 4700 | AF69: 76.71 | AG69: 0.47 | AH69: 7.99 | AI69: 40.1 | AJ69: 60 | AK69: 9 | AL69: 9 | AM69: 0.56 | AN69: 294 | AO69: 299.08 | AP69: 357511.29 | AQ69: 142573.01 | AR69: 20230124-095412_edde0de5-8c58-4be8-8a07-4923dacb28e2 | AT69: =(AP69-AQ69)/(365*24*2) -> 12.268167
A70: 0 | B70: 0 | C70: 0 | D70: 0 | E70: 0 | F70: 0 | G70: 0 | H70: 0 | I70: 0 | J70: 0 | K70: =IF(E70=0,0, VALUE(MID(E70,2,FIND(",",E70)-2))+ VALUE(MID(F70,2,FIND(",",F70)-2))+ VALUE(MID(G70,2,FIND(",",G70)-2)) ) -> 0 | L70: =IF(E70=0,0, VALUE(MID(E70,FIND(",",E70)+1,FIND("]",E70)-FIND(",",E70)-1))+ VALUE(MID(F70,FIND(",",F70)+1,FIND("]",F70)-FIND(",",F70)-1))+ VALUE(MID(G70,FIND(",",G70)+1,FIND("]",G70)-FIND(",",G70)-1)) ) -> 0 | M70: =(K70-L70) -> 0 | N70: 0 | O70: 0 | P70: 0 | Q70: 0 | R70: 0 | S70: 0 | T70: 0 | U70: 0 | V70: 0 | W70: 0 | X70: 0 | Y70: 0 | Z70: 0 | AA70: 0 | AB70: 0 | AC70: 0 | AD70: 0 | AE70: 0 | AF70: 0 | AG70: 0 | AH70: 0 | AI70: 0 | AJ70: 0 | AK70: 0 | AL70: 0 | AM70: 0 | AN70: 0 | AO70: 0 | AP70: 0 | AQ70: 0 | AR70: 0 | AT70: =(AP70-AQ70)/(365*24*2) -> 0
A71: 15.11 | B71: 27.04 | C71: 5457.65 | D71: 7.58 | E71: [15.55, 43.68] | F71: [25.01, 1.8] | G71: [10.77, 10.77] | H71: [3.73, 8.65] | I71: 0 | J71: 546.51 | K71: =IF(E71=0,0, VALUE(MID(E71,2,FIND(",",E71)-2))+ VALUE(MID(F71,2,FIND(",",F71)-2))+ VALUE(MID(G71,2,FIND(",",G71)-2)) ) -> 51.33 | L71: =IF(E71=0,0, VALUE(MID(E71,FIND(",",E71)+1,FIND("]",E71)-FIND(",",E71)-1))+ VALUE(MID(F71,FIND(",",F71)+1,FIND("]",F71)-FIND(",",F71)-1))+ VALUE(MID(G71,FIND(",",G71)+1,FIND("]",G71)-FIND(",",G71)-1)) ) -> 56.25 | M71: =(K71-L71) -> -4.92 | N71: 7.11 | O71: 85.14 | P71: 84 | Q71: 11.3 | R71: 11.93 | S71: 9.58 | T71: 5.53 | U71: 9.99 | V71: 3492.9 | W71: 1053.94 | X71: 1392.41 | Y71: 782.35 | Z71: 5.93 | AA71: 1.51 | AB71: 4.56 | AC71: 68.35 | AD71: 490 | AE71: 4700 | AF71: 85.81 | AG71: 0.47 | AH71: 9.55 | AI71: 39.24 | AJ71: 60 | AK71: 9 | AL71: 9 | AM71: 0.58 | AN71: 294 | AO71: 299.19 | AP71: 367629.54 | AQ71: 157686.56 | AR71: 20230124-095412_f0eeab57-d398-4f27-8012-f829bc365b30 | AT71: =(AP71-AQ71)/(365*24*2) -> 11.983047
A72: 15.29 | B72: 27.38 | C72: 5476.2 | D72: 7.59 | E72: [11.04, 33.26] | F72: [25.03, 2.0] | G72: [10.88, 10.88] | H72: [7.4, 6.59] | I72: 0 | J72: 450.38 | K72: =IF(E72=0,0, VALUE(MID(E72,2,FIND(",",E72)-2))+ VALUE(MID(F72,2,FIND(",",F72)-2))+ VALUE(MID(G72,2,FIND(",",G72)-2)) ) -> 46.95 | L72: =IF(E72=0,0, VALUE(MID(E72,FIND(",",E72)+1,FIND("]",E72)-FIND(",",E72)-1))+ VALUE(MID(F72,FIND(",",F72)+1,FIND("]",F72)-FIND(",",F72)-1))+ VALUE(MID(G72,FIND(",",G72)+1,FIND("]",G72)-FIND(",",G72)-1)) ) -> 46.14 | M72: =(K72-L72) -> 0.81 | N72: 7.05 | O72: 85.41 | P72: 89 | Q72: 10.6 | R72: 12.09 | S72: 9.41 | T72: 5.88 | U72: 12.16 | V72: 3504.77 | W72: 1067.75 | X72: 1506.49 | Y72: 812.6 | Z72: 7.12 | AA72: 1.57 | AB72: 4.46 | AC72: 67.27 | AD72: 490 | AE72: 4700 | AF72: 86.93 | AG72: 0.47 | AH72: 7.79 | AI72: 51.52 | AJ72: 60 | AK72: 9 | AL72: 9 | AM72: 0.44 | AN72: 294 | AO72: 297.95 | AP72: 401309.5 | AQ72: 130154.35 | AR72: 20230124-095412_760e8553-f762-4cd3-882e-86b87a1cbe9c | AT72: =(AP72-AQ72)/(365*24*2) -> 15.476892
A73: 15.96 | B73: 27.61 | C73: 5510.67 | D73: 7.57 | E73: [30.71, 58.29] | F73: [25.03, 0.54] | G73: [10.42, 10.42] | H73: [8.46, 11.54] | I73: 0 | J73: 775.31 | K73: =IF(E73=0,0, VALUE(MID(E73,2,FIND(",",E73)-2))+ VALUE(MID(F73,2,FIND(",",F73)-2))+ VALUE(MID(G73,2,FIND(",",G73)-2)) ) -> 66.16 | L73: =IF(E73=0,0, VALUE(MID(E73,FIND(",",E73)+1,FIND("]",E73)-FIND(",",E73)-1))+ VALUE(MID(F73,FIND(",",F73)+1,FIND("]",F73)-FIND(",",F73)-1))+ VALUE(MID(G73,FIND(",",G73)+1,FIND("]",G73)-FIND(",",G73)-1)) ) -> 69.25 | M73: =(K73-L73) -> -3.09 | N73: 7.26 | O73: 84.25 | P73: 88 | Q73: 11 | R73: 11.66 | S73: 9.7 | T73: 6.26 | U73: 7.11 | V73: 3526.83 | W73: 1049.91 | X73: 1253.41 | Y73: 751.45 | Z73: 5.73 | AA73: 1.47 | AB73: 4.63 | AC73: 65.07 | AD73: 490 | AE73: 4700 | AF73: 83.82 | AG73: 0.47 | AH73: 13.72 | AI73: 29.42 | AJ73: 60 | AK73: 9 | AL73: 9 | AM73: 0.77 | AN73: 294 | AO73: 300.93 | AP73: 429016.27 | AQ73: 184134.86 | AR73: 20230124-095412_66051ab0-4f10-4816-be11-b7e756ec991b | AT73: =(AP73-AQ73)/(365*24*2) -> 13.977249
A74: 16.78 | B74: 28.32 | C74: 5506.73 | D74: 7.59 | E74: [29.85, 60.79] | F74: [24.98, 0.39] | G74: [11.05, 11.05] | H74: [5.68, 12.04] | I74: 0 | J74: 761.33 | K74: =IF(E74=0,0, VALUE(MID(E74,2,FIND(",",E74)-2))+ VALUE(MID(F74,2,FIND(",",F74)-2))+ VALUE(MID(G74,2,FIND(",",G74)-2)) ) -> 65.88 | L74: =IF(E74=0,0, VALUE(MID(E74,FIND(",",E74)+1,FIND("]",E74)-FIND(",",E74)-1))+ VALUE(MID(F74,FIND(",",F74)+1,FIND("]",F74)-FIND(",",F74)-1))+ VALUE(MID(G74,FIND(",",G74)+1,FIND("]",G74)-FIND(",",G74)-1)) ) -> 72.23 | M74: =(K74-L74) -> -6.35 | N74: 7.26 | O74: 86.23 | P74: 85 | Q74: 12.7 | R74: 11.54 | S74: 11.05 | T74: 5.74 | U74: 7.23 | V74: 3524.31 | W74: 1050.73 | X74: 1266.08 | Y74: 754.81 | Z74: 5.47 | AA74: 1.51 | AB74: 4.57 | AC74: 66.79 | AD74: 490 | AE74: 4700 | AF74: 82.96 | AG74: 0.47 | AH74: 13.31 | AI74: 28.21 | AJ74: 60 | AK74: 9 | AL74: 9 | AM74: 0.8 | AN74: 294 | AO74: 301.22 | AP74: 399919.2 | AQ74: 190040.74 | AR74: 20230124-095412_6d86d795-4c62-4be9-8b86-c68973b2885f | AT74: =(AP74-AQ74)/(365*24*2) -> 11.979364
A75: 16.79 | B75: 28.15 | C75: 5531.31 | D75: 7.59 | E75: [20.09, 46.44] | F75: [24.98, 2.82] | G75: [10.56, 10.56] | H75: [5.01, 9.2] | I75: 0 | J75: 628.74 | K75: =IF(E75=0,0, VALUE(MID(E75,2,FIND(",",E75)-2))+ VALUE(MID(F75,2,FIND(",",F75)-2))+ VALUE(MID(G75,2,FIND(",",G75)-2)) ) -> 55.63 | L75: =IF(E75=0,0, VALUE(MID(E75,FIND(",",E75)+1,FIND("]",E75)-FIND(",",E75)-1))+ VALUE(MID(F75,FIND(",",F75)+1,FIND("]",F75)-FIND(",",F75)-1))+ VALUE(MID(G75,FIND(",",G75)+1,FIND("]",G75)-FIND(",",G75)-1)) ) -> 59.82 | M75: =(K75-L75) -> -4.19 | N75: 7.16 | O75: 85.65 | P75: 84 | Q75: 13 | R75: 11.36 | S75: 11.23 | T75: 5.55 | U75: 8.8 | V75: 3540.04 | W75: 1061.61 | X75: 1341.86 | Y75: 775.31 | Z75: 6.04 | AA75: 1.55 | AB75: 4.5 | AC75: 67.17 | AD75: 490 | AE75: 4700 | AF75: 81.7 | AG75: 0.47 | AH75: 10.48 | AI75: 36.9 | AJ75: 60 | AK75: 9 | AL75: 9 | AM75: 0.61 | AN75: 294 | AO75: 299.52 | AP75: 384192.69 | AQ75: 178030.48 | AR75: 20230124-095412_5f75f2f2-b1d5-43d3-bd74-a9645dcc7ebc | AT75: =(AP75-AQ75)/(365*24*2) -> 11.767249
A76: 16.34 | B76: 27.97 | C76: 5514.27 | D76: 7.59 | E76: [6.12, 30.19] | F76: [25.02, 0.51] | G76: [11.16, 11.16] | H76: [6.42, 5.98] | I76: 0 | J76: 322.8 | K76: =IF(E76=0,0, VALUE(MID(E76,2,FIND(",",E76)-2))+ VALUE(MID(F76,2,FIND(",",F76)-2))+ VALUE(MID(G76,2,FIND(",",G76)-2)) ) -> 42.3 | L76: =IF(E76=0,0, VALUE(MID(E76,FIND(",",E76)+1,FIND("]",E76)-FIND(",",E76)-1))+ VALUE(MID(F76,FIND(",",F76)+1,FIND("]",F76)-FIND(",",F76)-1))+ VALUE(MID(G76,FIND(",",G76)+1,FIND("]",G76)-FIND(",",G76)-1)) ) -> 41.86 | M76: =(K76-L76) -> 0.44 | N76: 6.97 | O76: 85.97 | P76: 87 | Q76: 12 | R76: 11.63 | S76: 10.58 | T76: 5.77 | U76: 17.08 | V76: 3529.13 | W76: 1099.29 | X76: 1771.6 | Y76: 882.97 | Z76: 7.07 | AA76: 1.67 | AB76: 4.25 | AC76: 66.85 | AD76: 490 | AE76: 4700 | AF76: 83.6 | AG76: 0.47 | AH76: 5.2 | AI76: 56.78 | AJ76: 60 | AK76: 9 | AL76: 9 | AM76: 0.4 | AN76: 294 | AO76: 297.59 | AP76: 387260.62 | AQ76: 103215.17 | AR76: 20230124-095412_410d9d35-a83f-4db4-a61d-9950514dd89b | AT76: =(AP76-AQ76)/(365*24*2) -> 16.21264
A77: 15.06 | B77: 27.21 | C77: 5477.51 | D77: 7.59 | E77: [6.5, 30.78] | F77: [24.98, 0.24] | G77: [11.64, 11.64] | H77: [6.56, 6.09] | I77: 0 | J77: 333.42 | K77: =IF(E77=0,0, VALUE(MID(E77,2,FIND(",",E77)-2))+ VALUE(MID(F77,2,FIND(",",F77)-2))+ VALUE(MID(G77,2,FIND(",",G77)-2)) ) -> 43.12 | L77: =IF(E77=0,0, VALUE(MID(E77,FIND(",",E77)+1,FIND("]",E77)-FIND(",",E77)-1))+ VALUE(MID(F77,FIND(",",F77)+1,FIND("]",F77)-FIND(",",F77)-1))+ VALUE(MID(G77,FIND(",",G77)+1,FIND("]",G77)-FIND(",",G77)-1)) ) -> 42.66 | M77: =(K77-L77) -> 0.46 | N77: 6.99 | O77: 85.18 | P77: 89 | Q77: 10.5 | R77: 12.16 | S77: 9.31 | T77: 5.74 | U77: 16.43 | V77: 3505.61 | W77: 1092 | X77: 1751.19 | Y77: 876.22 | Z77: 7.08 | AA77: 1.64 | AB77: 4.31 | AC77: 67.91 | AD77: 490 | AE77: 4700 | AF77: 87.42 | AG77: 0.47 | AH77: 5.67 | AI77: 55.72 | AJ77: 60 | AK77: 9 | AL77: 9 | AM77: 0.41 | AN77: 294 | AO77: 297.66 | AP77: 388921.79 | AQ77: 102082.25 | AR77: 20230124-095412_19632414-a9ba-40f2-97b2-196c38c7ce9a | AT77: =(AP77-AQ77)/(365*24*2) -> 16.37212
A78: 15.05 | B78: 27.08 | C78: 5481.09 | D78: 7.61 | E78: [2.55, 24.93] | F78: [24.95, 1.67] | G78: [10.46, 10.46] | H78: [5.84, 4.94] | I78: 0 | J78: 209.24 | K78: =IF(E78=0,0, VALUE(MID(E78,2,FIND(",",E78)-2))+ VALUE(MID(F78,2,FIND(",",F78)-2))+ VALUE(MID(G78,2,FIND(",",G78)-2)) ) -> 37.96 | L78: =IF(E78=0,0, VALUE(MID(E78,FIND(",",E78)+1,FIND("]",E78)-FIND(",",E78)-1))+ VALUE(MID(F78,FIND(",",F78)+1,FIND("]",F78)-FIND(",",F78)-1))+ VALUE(MID(G78,FIND(",",G78)+1,FIND("]",G78)-FIND(",",G78)-1)) ) -> 37.06 | M78: =(K78-L78) -> 0.9 | N78: 6.87 | O78: 84.66 | P78: 88 | Q78: 10.4 | R78: 12.03 | S78: 9.11 | T78: 5.94 | U78: 26.2 | V78: 3507.9 | W78: 1130.34 | X78: 2185.65 | Y78: 981.63 | Z78: 7.68 | AA78: 1.76 | AB78: 4.08 | AC78: 66.97 | AD78: 490 | AE78: 4700 | AF78: 86.52 | AG78: 0.47 | AH78: 3.43 | AI78: 68.72 | AJ78: 60 | AK78: 9 | AL78: 9 | AM78: 0.33 | AN78: 294 | AO78: 296.96 | AP78: 376641.2 | AQ78: 101713.02 | AR78: 20230124-095412_7c85fcc3-d674-4e42-b6b7-633e0364bef1 | AT78: =(AP78-AQ78)/(365*24*2) -> 15.692248
A79: 16.11 | B79: 27.66 | C79: 5486.08 | D79: 7.61 | E79: [17.18, 41.2] | F79: [24.97, 0.92] | G79: [10.92, 10.92] | H79: [8.2, 8.16] | I79: 0 | J79: 576.69 | K79: =IF(E79=0,0, VALUE(MID(E79,2,FIND(",",E79)-2))+ VALUE(MID(F79,2,FIND(",",F79)-2))+ VALUE(MID(G79,2,FIND(",",G79)-2)) ) -> 53.07 | L79: =IF(E79=0,0, VALUE(MID(E79,FIND(",",E79)+1,FIND("]",E79)-FIND(",",E79)-1))+ VALUE(MID(F79,FIND(",",F79)+1,FIND("]",F79)-FIND(",",F79)-1))+ VALUE(MID(G79,FIND(",",G79)+1,FIND("]",G79)-FIND(",",G79)-1)) ) -> 53.04 | M79: =(K79-L79) -> 0.03 | N79: 7.14 | O79: 85.49 | P79: 88 | Q79: 10.8 | R79: 11.54 | S79: 9.5 | T79: 6.61 | U79: 9.51 | V79: 3511.09 | W79: 1057.41 | X79: 1376.32 | Y79: 780.78 | Z79: 6.5 | AA79: 1.56 | AB79: 4.49 | AC79: 63.6 | AD79: 490 | AE79: 4700 | AF79: 83.02 | AG79: 0.47 | AH79: 9.75 | AI79: 41.62 | AJ79: 60 | AK79: 9 | AL79: 9 | AM79: 0.54 | AN79: 294 | AO79: 298.9 | AP79: 414183.29 | AQ79: 139869.45 | AR79: 20230124-095412_0faf45c1-7ce5-4c18-91ae-97dd0d48a455 | AT79: =(AP79-AQ79)/(365*24*2) -> 15.657183
A80: 16.75 | B80: 27.69 | C80: 5523.75 | D80: 7.6 | E80: [14.0, 40.06] | F80: [24.98, 3.01] | G80: [8.55, 8.55] | H80: [3.84, 7.94] | I80: 0 | J80: 526.03 | K80: =IF(E80=0,0, VALUE(MID(E80,2,FIND(",",E80)-2))+ VALUE(MID(F80,2,FIND(",",F80)-2))+ VALUE(MID(G80,2,FIND(",",G80)-2)) ) -> 47.53 | L80: =IF(E80=0,0, VALUE(MID(E80,FIND(",",E80)+1,FIND("]",E80)-FIND(",",E80)-1))+ VALUE(MID(F80,FIND(",",F80)+1,FIND("]",F80)-FIND(",",F80)-1))+ VALUE(MID(G80,FIND(",",G80)+1,FIND("]",G80)-FIND(",",G80)-1)) ) -> 51.62 | M80: =(K80-L80) -> -4.09 | N80: 7.05 | O80: 86.03 | P80: 83 | Q80: 13.1 | R80: 10.94 | S80: 11.22 | T80: 5.52 | U80: 10.5 | V80: 3535.2 | W80: 1061.73 | X80: 1379.56 | Y80: 780.93 | Z80: 5.98 | AA80: 1.56 | AB80: 4.48 | AC80: 66.45 | AD80: 490 | AE80: 4700 | AF80: 78.69 | AG80: 0.47 | AH80: 8.28 | AI80: 42.76 | AJ80: 60 | AK80: 9 | AL80: 9 | AM80: 0.53 | AN80: 294 | AO80: 298.76 | AP80: 365108.48 | AQ80: 160162.45 | AR80: 20230124-095412_f2bda6db-5a5d-4682-88d0-f1fbc5f47696 | AT80: =(AP80-AQ80)/(365*24*2) -> 11.697833
A81: 16.29 | B81: 27.93 | C81: 5515.93 | D81: 7.59 | E81: [10.45, 33.04] | F81: [24.97, 1.92] | G81: [10.87, 10.87] | H81: [7.0, 6.55] | I81: 0 | J81: 436.9 | K81: =IF(E81=0,0, VALUE(MID(E81,2,FIND(",",E81)-2))+ VALUE(MID(F81,2,FIND(",",F81)-2))+ VALUE(MID(G81,2,FIND(",",G81)-2)) ) -> 46.29 | L81: =IF(E81=0,0, VALUE(MID(E81,FIND(",",E81)+1,FIND("]",E81)-FIND(",",E81)-1))+ VALUE(MID(F81,FIND(",",F81)+1,FIND("]",F81)-FIND(",",F81)-1))+ VALUE(MID(G81,FIND(",",G81)+1,FIND("]",G81)-FIND(",",G81)-1)) ) -> 45.83 | M81: =(K81-L81) -> 0.46 | N81: 7.04 | O81: 85.69 | P81: 86 | Q81: 12 | R81: 11.64 | S81: 10.47 | T81: 5.82 | U81: 12.63 | V81: 3530.2 | W81: 1077.31 | X81: 1536.78 | Y81: 823.38 | Z81: 7.07 | AA81: 1.6 | AB81: 4.39 | AC81: 66.67 | AD81: 490 | AE81: 4700 | AF81: 83.7 | AG81: 0.47 | AH81: 7.2 | AI81: 51.87 | AJ81: 60 | AK81: 9 | AL81: 9 | AM81: 0.44 | AN81: 294 | AO81: 297.93 | AP81: 396068.76 | AQ81: 128573.72 | AR81: 20230124-095412_85767bb6-6fbe-4a97-918c-61b0b7611781 | AT81: =(AP81-AQ81)/(365*24*2) -> 15.267982
A82: 17.31 | B82: 28.72 | C82: 5426.46 | D82: 7.57 | E82: [28.64, 62.75] | F82: [24.94, 1.27] | G82: [10.55, 10.55] | H82: [2.0, 12.43] | I82: 0 | J82: 750.7 | K82: =IF(E82=0,0, VALUE(MID(E82,2,FIND(",",E82)-2))+ VALUE(MID(F82,2,FIND(",",F82)-2))+ VALUE(MID(G82,2,FIND(",",G82)-2)) ) -> 64.13 | L82: =IF(E82=0,0, VALUE(MID(E82,FIND(",",E82)+1,FIND("]",E82)-FIND(",",E82)-1))+ VALUE(MID(F82,FIND(",",F82)+1,FIND("]",F82)-FIND(",",F82)-1))+ VALUE(MID(G82,FIND(",",G82)+1,FIND("]",G82)-FIND(",",G82)-1)) ) -> 74.57 | M82: =(K82-L82) -> -10.44 | N82: 7.25 | O82: 84.27 | P82: 61 | Q82: 17 | R82: 11.41 | S82: 12.43 | T82: 4.87 | U82: 7.23 | V82: 3472.93 | W82: 1035.15 | X82: 1247.35 | Y82: 743.37 | Z82: 5.16 | AA82: 1.49 | AB82: 4.59 | AC82: 70.06 | AD82: 490 | AE82: 4700 | AF82: 82.05 | AG82: 0.47 | AH82: 13.17 | AI82: 27.32 | AJ82: 60 | AK82: 9 | AL82: 9 | AM82: 0.83 | AN82: 294 | AO82: 301.46 | AP82: 360566.3 | AQ82: 206043.59 | AR82: 20230124-095935_7f52427f-d581-40f4-bd27-1df02358855d | AT82: =(AP82-AQ82)/(365*24*2) -> 8.8197894
... A85: 17.99 | B85: 29.6 | C85: 5385.11 | D85: 7.6 | E85: [15.55, 45.83] | F85: [25.0, 1.8] | G85: [11.39, 11.39] | H85: [2.0, 9.08] | I85: 0 | J85: 543.76 | K85: =IF(E85=0,0, VALUE(MID(E85,2,FIND(",",E85)-2))+ VALUE(MID(F85,2,FIND(",",F85)-2))+ VALUE(MID(G85,2,FIND(",",G85)-2)) ) -> 51.94 | L85: =IF(E85=0,0, VALUE(MID(E85,FIND(",",E85)+1,FIND("]",E85)-FIND(",",E85)-1))+ VALUE(MID(F85,FIND(",",F85)+1,FIND("]",F85)-FIND(",",F85)-1))+ VALUE(MID(G85,FIND(",",G85)+1,FIND("]",G85)-FIND(",",G85)-1)) ) -> 59.02 | M85: =(K85-L85) -> -7.08 | N85: 7.12 | O85: 84.7 | P85: 56 | Q85: 19.1 | R85: 11.61 | S85: 13.7 | T85: 4.29 | U85: 9.9 | V85: 3446.47 | W85: 1041.8 | X85: 1388.26 | Y85: 776.38 | Z85: 5.72 | AA85: 1.58 | AB85: 4.43 | AC85: 72.99 | AD85: 490 | AE85: 4700 | AF85: 83.46 | AG85: 0.47 | AH85: 9.37 | AI85: 37.4 | AJ85: 60 | AK85: 9 | AL85: 9 | AM85: 0.61 | AN85: 294 | AO85: 299.45 | AP85: 350532.87 | AQ85: 164462.9 | AR85: 20230124-095935_f85b8e87-0bbd-4f89-906b-06dceeef9f4a | AT85: =(AP85-AQ85)/(365*24*2) -> 10.620432
A86: 0 | B86: 0 | C86: 0 | D86: 0 | E86: 0 | F86: 0 | G86: 0 | H86: 0 | I86: 0 | J86: 0 | K86: =IF(E86=0,0, VALUE(MID(E86,2,FIND(",",E86)-2))+ VALUE(MID(F86,2,FIND(",",F86)-2))+ VALUE(MID(G86,2,FIND(",",G86)-2)) ) -> 0 | L86: =IF(E86=0,0, VALUE(MID(E86,FIND(",",E86)+1,FIND("]",E86)-FIND(",",E86)-1))+ VALUE(MID(F86,FIND(",",F86)+1,FIND("]",F86)-FIND(",",F86)-1))+ VALUE(MID(G86,FIND(",",G86)+1,FIND("]",G86)-FIND(",",G86)-1)) ) -> 0 | M86: =(K86-L86) -> 0 | N86: 0 | O86: 0 | P86: 0 | Q86: 0 | R86: 0 | S86: 0 | T86: 0 | U86: 0 | V86: 0 | W86: 0 | X86: 0 | Y86: 0 | Z86: 0 | AA86: 0 | AB86: 0 | AC86: 0 | AD86: 0 | AE86: 0 | AF86: 0 | AG86: 0 | AH86: 0 | AI86: 0 | AJ86: 0 | AK86: 0 | AL86: 0 | AM86: 0 | AN86: 0 | AO86: 0 | AP86: 0 | AQ86: 0 | AR86: 0 | AT86: =(AP86-AQ86)/(365*24*2) -> 0
A87: 18.32 | B87: 29.93 | C87: 5387.93 | D87: 7.61 | E87: [13.43, 43.47] | F87: [25.05, 1.62] | G87: [10.89, 10.89] | H87: [2.0, 8.61] | I87: 0 | J87: 502.8 | K87: =IF(E87=0,0, VALUE(MID(E87,2,FIND(",",E87)-2))+ VALUE(MID(F87,2,FIND(",",F87)-2))+ VALUE(MID(G87,2,FIND(",",G87)-2)) ) -> 49.37 | L87: =IF(E87=0,0, VALUE(MID(E87,FIND(",",E87)+1,FIND("]",E87)-FIND(",",E87)-1))+ VALUE(MID(F87,FIND(",",F87)+1,FIND("]",F87)-FIND(",",F87)-1))+ VALUE(MID(G87,FIND(",",G87)+1,FIND("]",G87)-FIND(",",G87)-1)) ) -> 55.98 | M87: =(K87-L87) -> -6.61 | N87: 7.08 | O87: 84.95 | P87: 56 | Q87: 19.5 | R87: 11.62 | S87: 14.05 | T87: 4.27 | U87: 10.72 | V87: 3448.28 | W87: 1044.73 | X87: 1419.55 | Y87: 783.77 | Z87: 5.73 | AA87: 1.61 | AB87: 4.39 | AC87: 73.15 | AD87: 490 | AE87: 4700 | AF87: 83.55 | AG87: 0.47 | AH87: 8.6 | AI87: 39.44 | AJ87: 60 | AK87: 9 | AL87: 9 | AM87: 0.57 | AN87: 294 | AO87: 299.17 | AP87: 348799.13 | AQ87: 154947.98 | AR87: 20230124-095935_72c5c4f1-aaf5-46a2-aa47-0ee64be5013b | AT87: =(AP87-AQ87)/(365*24*2) -> 11.064563
A88: 18.76 | B88: 30.06 | C88: 5417.08 | D88: 7.6 | E88: [19.77, 49.12] | F88: [24.99, 3.38] | G88: [10.78, 10.78] | H88: [2.0, 9.73] | I88: 0 | J88: 622.21 | K88: =IF(E88=0,0, VALUE(MID(E88,2,FIND(",",E88)-2))+ VALUE(MID(F88,2,FIND(",",F88)-2))+ VALUE(MID(G88,2,FIND(",",G88)-2)) ) -> 55.54 | L88: =IF(E88=0,0, VALUE(MID(E88,FIND(",",E88)+1,FIND("]",E88)-FIND(",",E88)-1))+ VALUE(MID(F88,FIND(",",F88)+1,FIND("]",F88)-FIND(",",F88)-1))+ VALUE(MID(G88,FIND(",",G88)+1,FIND("]",G88)-FIND(",",G88)-1)) ) -> 63.28 | M88: =(K88-L88) -> -7.74 | N88: 7.16 | O88: 84.73 | P88: 68 | Q88: 18.2 | R88: 11.29 | S88: 14.36 | T88: 4.4 | U88: 8.71 | V88: 3466.93 | W88: 1040.56 | X88: 1321.98 | Y88: 761.49 | Z88: 5.71 | AA88: 1.58 | AB88: 4.44 | AC88: 71.96 | AD88: 490 | AE88: 4700 | AF88: 81.22 | AG88: 0.47 | AH88: 10.54 | AI88: 34.88 | AJ88: 60 | AK88: 9 | AL88: 9 | AM88: 0.65 | AN88: 294 | AO88: 299.84 | AP88: 353595 | AQ88: 192871.25 | AR88: 20230124-095935_31629371-b0a8-456f-bdf3-60b2eb9ec76b | AT88: =(AP88-AQ88)/(365*24*2) -> 9.17373
A89: 18.18 | B89: 29.72 | C89: 5376.66 | D89: 7.6 | E89: [24.06, 58.48] | F89: [25.02, 0.18] | G89: [10.82, 10.82] | H89: [2.0, 11.58] | I89: 0 | J89: 687.4 | K89: =IF(E89=0,0, VALUE(MID(E89,2,FIND(",",E89)-2))+ VALUE(MID(F89,2,FIND(",",F89)-2))+ VALUE(MID(G89,2,FIND(",",G89)-2)) ) -> 59.9 | L89: =IF(E89=0,0, VALUE(MID(E89,FIND(",",E89)+1,FIND("]",E89)-FIND(",",E89)-1))+ VALUE(MID(F89,FIND(",",F89)+1,FIND("]",F89)-FIND(",",F89)-1))+ VALUE(MID(G89,FIND(",",G89)+1,FIND("]",G89)-FIND(",",G89)-1)) ) -> 69.48 | M89: =(K89-L89) -> -9.58 | N89: 7.21 | O89: 85.21 | P89: 56 | Q89: 19.5 | R89: 11.54 | S89: 14.05 | T89: 4.13 | U89: 7.82 | V89: 3441.06 | W89: 1029.07 | X89: 1271.58 | Y89: 745.67 | Z89: 5.17 | AA89: 1.54 | AB89: 4.51 | AC89: 73.64 | AD89: 490 | AE89: 4700 | AF89: 83.01 | AG89: 0.47 | AH89: 12.17 | AI89: 29.33 | AJ89: 60 | AK89: 9 | AL89: 9 | AM89: 0.77 | AN89: 294 | AO89: 300.95 | AP89: 357724.17 | AQ89: 180548.98 | AR89: 20230124-095935_9cf267c2-8d51-4c90-90b7-ab3040a8b89f | AT89: =(AP89-AQ89)/(365*24*2) -> 10.112739
A90: 18.67 | B90: 30.22 | C90: 5380.73 | D90: 7.59 | E90: [24.56, 58.55] | F90: [24.97, 0.57] | G90: [10.44, 10.44] | H90: [2.0, 11.59] | I90: 0 | J90: 697.41 | K90: =IF(E90=0,0, VALUE(MID(E90,2,FIND(",",E90)-2))+ VALUE(MID(F90,2,FIND(",",F90)-2))+ VALUE(MID(G90,2,FIND(",",G90)-2)) ) -> 59.97 | L90: =IF(E90=0,0, VALUE(MID(E90,FIND(",",E90)+1,FIND("]",E90)-FIND(",",E90)-1))+ VALUE(MID(F90,FIND(",",F90)+1,FIND("]",F90)-FIND(",",F90)-1))+ VALUE(MID(G90,FIND(",",G90)+1,FIND("]",G90)-FIND(",",G90)-1)) ) -> 69.56 | M90: =(K90-L90) -> -9.59 | N90: 7.21 | O90: 84.85 | P90: 57 | Q90: 19.8 | R90: 11.55 | S90: 14.44 | T90: 4.22 | U90: 7.72 | V90: 3443.67 | W90: 1028.69 | X90: 1262.3 | Y90: 743.35 | Z90: 5.17 | AA90: 1.54 | AB90: 4.51 | AC90: 73.24 | AD90: 490 | AE90: 4700 | AF90: 83.08 | AG90: 0.47 | AH90: 12.37 | AI90: 29.29 | AJ90: 60 | AK90: 9 | AL90: 9 | AM90: 0.77 | AN90: 294 | AO90: 300.96 | AP90: 357228.02 | AQ90: 185289.66 | AR90: 20230124-095935_2fc457b5-2525-4207-8b72-3b7c527172fa | AT90: =(AP90-AQ90)/(365*24*2) -> 9.8138333
A91: 18.51 | B91: 30.08 | C91: 5339.62 | D91: 7.59 | E91: [25.2, 59.68] | F91: [25.05, 0.39] | G91: [10.83, 10.83] | H91: [2.0, 11.82] | I91: 0 | J91: 702.96 | K91: =IF(E91=0,0, VALUE(MID(E91,2,FIND(",",E91)-2))+ VALUE(MID(F91,2,FIND(",",F91)-2))+ VALUE(MID(G91,2,FIND(",",G91)-2)) ) -> 61.08 | L91: =IF(E91=0,0, VALUE(MID(E91,FIND(",",E91)+1,FIND("]",E91)-FIND(",",E91)-1))+ VALUE(MID(F91,FIND(",",F91)+1,FIND("]",F91)-FIND(",",F91)-1))+ VALUE(MID(G91,FIND(",",G91)+1,FIND("]",G91)-FIND(",",G91)-1)) ) -> 70.9 | M91: =(K91-L91) -> -9.82 | N91: 7.22 | O91: 85.18 | P91: 55 | Q91: 20.1 | R91: 11.57 | S91: 14.45 | T91: 4.06 | U91: 7.6 | V91: 3417.36 | W91: 1021.18 | X91: 1254.22 | Y91: 738.38 | Z91: 5.17 | AA91: 1.53 | AB91: 4.53 | AC91: 74 | AD91: 490 | AE91: 4700 | AF91: 83.19 | AG91: 0.47 | AH91: 12.61 | AI91: 28.73 | AJ91: 60 | AK91: 9 | AL91: 9 | AM91: 0.79 | AN91: 294 | AO91: 301.09 | AP91: 359063.86 | AQ91: 186672.14 | AR91: 20230124-095935_2527abfa-c0c9-4b2c-b9ef-12ea68e712f1 | AT91: =(AP91-AQ91)/(365*24*2) -> 9.83971
A92: 17.8 | B92: 29.44 | C92: 5371.53 | D92: 7.6 | E92: [9.2, 39.37] | F92: [24.96, 0.59] | G92: [10.72, 10.72] | H92: [2.0, 7.8] | I92: 0 | J92: 406.93 | K92: =IF(E92=0,0, VALUE(MID(E92,2,FIND(",",E92)-2))+ VALUE(MID(F92,2,FIND(",",F92)-2))+ VALUE(MID(G92,2,FIND(",",G92)-2)) ) -> 44.88 | L92: =IF(E92=0,0, VALUE(MID(E92,FIND(",",E92)+1,FIND("]",E92)-FIND(",",E92)-1))+ VALUE(MID(F92,FIND(",",F92)+1,FIND("]",F92)-FIND(",",F92)-1))+ VALUE(MID(G92,FIND(",",G92)+1,FIND("]",G92)-FIND(",",G92)-1)) ) -> 50.68 | M92: =(K92-L92) -> -5.8 | N92: 7.01 | O92: 85.13 | P92: 57 | Q92: 18.6 | R92: 11.65 | S92: 13.38 | T92: 4.42 | U92: 13.2 | V92: 3437.78 | W92: 1052.77 | X92: 1538.02 | Y92: 811.95 | Z92: 5.76 | AA92: 1.63 | AB92: 4.34 | AC92: 72.49 | AD92: 490 | AE92: 4700 | AF92: 83.74 | AG92: 0.47 | AH92: 6.86 | AI92: 43.55 | AJ92: 60 | AK92: 9 | AL92: 9 | AM92: 0.52 | AN92: 294 | AO92: 298.68 | AP92: 343836.89 | AQ92: 130312.69 | AR92: 20230124-095935_50f08e86-7908-4c63-87e5-91d39e18e12e | AT92: =(AP92-AQ92)/(365*24*2) -> 12.187454
A93: 18.71 | B93: 30.3 | C93: 5389.47 | D93: 7.6 | E93: [23.92, 58.22] | F93: [25.03, 0.26] | G93: [10.69, 10.69] | H93: [2.0, 11.53] | I93: 0 | J93: 686.06 | K93: =IF(E93=0,0, VALUE(MID(E93,2,FIND(",",E93)-2))+ VALUE(MID(F93,2,FIND(",",F93)-2))+ VALUE(MID(G93,2,FIND(",",G93)-2)) ) -> 59.64 | L93: =IF(E93=0,0, VALUE(MID(E93,FIND(",",E93)+1,FIND("]",E93)-FIND(",",E93)-1))+ VALUE(MID(F93,FIND(",",F93)+1,FIND("]",F93)-FIND(",",F93)-1))+ VALUE(MID(G93,FIND(",",G93)+1,FIND("]",G93)-FIND(",",G93)-1)) ) -> 69.17 | M93: =(K93-L93) -> -9.53 | N93: 7.21 | O93: 85.27 | P93: 56 | Q93: 20.2 | R93: 11.58 | S93: 14.67 | T93: 4.04 | U93: 7.86 | V93: 3449.26 | W93: 1031.35 | X93: 1273.63 | Y93: 747.09 | Z93: 5.17 | AA93: 1.56 | AB93: 4.49 | AC93: 74.12 | AD93: 490 | AE93: 4700 | AF93: 83.3 | AG93: 0.47 | AH93: 12.15 | AI93: 29.46 | AJ93: 60 | AK93: 9 | AL93: 9 | AM93: 0.77 | AN93: 294 | AO93: 300.92 | AP93: 357618.28 | AQ93: 180652.63 | AR93: 20230124-095935_c6fa23cf-7316-4cec-9f77-6730ee0c7e55 | AT93: =(AP93-AQ93)/(365*24*2) -> 10.100779
A94: 16.97 | B94: 28.47 | C94: 5448.08 | D94: 7.59 | E94: [5.27, 32.85] | F94: [25.12, 2.05] | G94: [10.67, 10.67] | H94: [2.0, 6.51] | I94: 0 | J94: 297.01 | K94: =IF(E94=0,0, VALUE(MID(E94,2,FIND(",",E94)-2))+ VALUE(MID(F94,2,FIND(",",F94)-2))+ VALUE(MID(G94,2,FIND(",",G94)-2)) ) -> 41.06 | L94: =IF(E94=0,0, VALUE(MID(E94,FIND(",",E94)+1,FIND("]",E94)-FIND(",",E94)-1))+ VALUE(MID(F94,FIND(",",F94)+1,FIND("]",F94)-FIND(",",F94)-1))+ VALUE(MID(G94,FIND(",",G94)+1,FIND("]",G94)-FIND(",",G94)-1)) ) -> 45.57 | M94: =(K94-L94) -> -4.51 | N94: 6.93 | O94: 84.44 | P94: 65 | Q94: 15.9 | R94: 11.5 | S94: 11.89 | T94: 5.08 | U94: 18.34 | V94: 3486.77 | W94: 1089.83 | X94: 1801.48 | Y94: 883.65 | Z94: 6.31 | AA94: 1.69 | AB94: 4.22 | AC94: 69.37 | AD94: 490 | AE94: 4700 | AF94: 82.69 | AG94: 0.47 | AH94: 4.77 | AI94: 52.16 | AJ94: 60 | AK94: 9 | AL94: 9 | AM94: 0.43 | AN94: 294 | AO94: 297.91 | AP94: 342329.63 | AQ94: 129405.91 | AR94: 20230124-095935_9d952115-40c3-461d-a9c6-8ba6f027add8 | AT94: =(AP94-AQ94)/(365*24*2) -> 12.15318
A95: 18.4 | B95: 29.64 | C95: 5438.44 | D95: 7.62 | E95: [11.29, 41.33] | F95: [24.97, 1.12] | G95: [10.76, 10.76] | H95: [2.0, 8.19] | I95: 0 | J95: 456.99 | K95: =IF(E95=0,0, VALUE(MID(E95,2,FIND(",",E95)-2))+ VALUE(MID(F95,2,FIND(",",F95)-2))+ VALUE(MID(G95,2,FIND(",",G95)-2)) ) -> 47.02 | L95: =IF(E95=0,0, VALUE(MID(E95,FIND(",",E95)+1,FIND("]",E95)-FIND(",",E95)-1))+ VALUE(MID(F95,FIND(",",F95)+1,FIND("]",F95)-FIND(",",F95)-1))+ VALUE(MID(G95,FIND(",",G95)+1,FIND("]",G95)-FIND(",",G95)-1)) ) -> 53.21 | M95: =(K95-L95) -> -6.19 | N95: 7.05 | O95: 84.94 | P95: 73 | Q95: 16.7 | R95: 11.23 | S95: 13.55 | T95: 4.85 | U95: 11.9 | V95: 3480.6 | W95: 1059.24 | X95: 1484.88 | Y95: 804.01 | Z95: 5.74 | AA95: 1.65 | AB95: 4.33 | AC95: 69.84 | AD95: 490 | AE95: 4700 | AF95: 80.78 | AG95: 0.47 | AH95: 7.41 | AI95: 41.48 | AJ95: 60 | AK95: 9 | AL95: 9 | AM95: 0.55 | AN95: 294 | AO95: 298.91 | AP95: 345905.34 | AQ95: 142599.6 | AR95: 20230124-095935_3c92dbac-79df-4625-9a92-edad34775c9c | AT95: =(AP95-AQ95)/(365*24*2) -> 11.604209
A96: 18.78 | B96: 30.01 | C96: 5410.71 | D96: 7.58 | E96: [28.41, 62.56] | F96: [25.09, 1.33] | G96: [10.45, 10.45] | H96: [2.0, 12.39] | I96: 0 | J96: 746.95 | K96: =IF(E96=0,0, VALUE(MID(E96,2,FIND(",",E96)-2))+ VALUE(MID(F96,2,FIND(",",F96)-2))+ VALUE(MID(G96,2,FIND(",",G96)-2)) ) -> 63.95 | L96: =IF(E96=0,0, VALUE(MID(E96,FIND(",",E96)+1,FIND("]",E96)-FIND(",",E96)-1))+ VALUE(MID(F96,FIND(",",F96)+1,FIND("]",F96)-FIND(",",F96)-1))+ VALUE(MID(G96,FIND(",",G96)+1,FIND("]",G96)-FIND(",",G96)-1)) ) -> 74.34 | M96: =(K96-L96) -> -10.39 | N96: 7.24 | O96: 85.13 | P96: 72 | Q96: 17.4 | R96: 11.23 | S96: 14.09 | T96: 4.68 | U96: 7.24 | V96: 3462.85 | W96: 1032.05 | X96: 1243.66 | Y96: 741.06 | Z96: 5.16 | AA96: 1.53 | AB96: 4.53 | AC96: 70.57 | AD96: 490 | AE96: 4700 | AF96: 80.76 | AG96: 0.47 | AH96: 12.93 | AI96: 27.41 | AJ96: 60 | AK96: 9 | AL96: 9 | AM96: 0.83 | AN96: 294 | AO96: 301.43 | AP96: 362056.53 | AQ96: 206209.5 | AR96: 20230124-095935_4abc60a9-a8b6-4fce-8ea8-86513755599d | AT96: =(AP96-AQ96)/(365*24*2) -> 8.8953784
A97: 18.8 | B97: 30.13 | C97: 5401.88 | D97: 7.61 | E97: [13.47, 42.99] | F97: [24.99, 1.99] | G97: [10.39, 10.39] | H97: [2.0, 8.52] | I97: 0 | J97: 506.25 | K97: =IF(E97=0,0, VALUE(MID(E97,2,FIND(",",E97)-2))+ VALUE(MID(F97,2,FIND(",",F97)-2))+ VALUE(MID(G97,2,FIND(",",G97)-2)) ) -> 48.85 | L97: =IF(E97=0,0, VALUE(MID(E97,FIND(",",E97)+1,FIND("]",E97)-FIND(",",E97)-1))+ VALUE(MID(F97,FIND(",",F97)+1,FIND("]",F97)-FIND(",",F97)-1))+ VALUE(MID(G97,FIND(",",G97)+1,FIND("]",G97)-FIND(",",G97)-1)) ) -> 55.37 | M97: =(K97-L97) -> -6.52 | N97: 7.08 | O97: 85.21 | P97: 64 | Q97: 19 | R97: 11.32 | S97: 14.61 | T97: 4.19 | U97: 10.67 | V97: 3457.2 | W97: 1045.65 | X97: 1409.08 | Y97: 781.52 | Z97: 5.73 | AA97: 1.62 | AB97: 4.38 | AC97: 72.98 | AD97: 490 | AE97: 4700 | AF97: 81.44 | AG97: 0.47 | AH97: 8.42 | AI97: 39.87 | AJ97: 60 | AK97: 9 | AL97: 9 | AM97: 0.57 | AN97: 294 | AO97: 299.11 | AP97: 347699.37 | AQ97: 157687.74 | AR97: 20230124-095935_89d5ff91-35ad-4314-abce-6b658a065714 | AT97: =(AP97-AQ97)/(365*24*2) -> 10.845413
A98: 18.44 | B98: 30.05 | C98: 5373.21 | D98: 7.6 | E98: [25.5, 60.0] | F98: [24.95, 0.34] | G98: [10.95, 10.95] | H98: [2.0, 11.88] | I98: 0 | J98: 707.29 | K98: =IF(E98=0,0, VALUE(MID(E98,2,FIND(",",E98)-2))+ VALUE(MID(F98,2,FIND(",",F98)-2))+ VALUE(MID(G98,2,FIND(",",G98)-2)) ) -> 61.4 | L98: =IF(E98=0,0, VALUE(MID(E98,FIND(",",E98)+1,FIND("]",E98)-FIND(",",E98)-1))+ VALUE(MID(F98,FIND(",",F98)+1,FIND("]",F98)-FIND(",",F98)-1))+ VALUE(MID(G98,FIND(",",G98)+1,FIND("]",G98)-FIND(",",G98)-1)) ) -> 71.29 | M98: =(K98-L98) -> -9.89 | N98: 7.23 | O98: 84.71 | P98: 55 | Q98: 19.9 | R98: 11.6 | S98: 14.27 | T98: 4.17 | U98: 7.6 | V98: 3438.85 | W98: 1027.66 | X98: 1261.72 | Y98: 743.07 | Z98: 5.17 | AA98: 1.54 | AB98: 4.51 | AC98: 73.56 | AD98: 490 | AE98: 4700 | AF98: 83.44 | AG98: 0.47 | AH98: 12.65 | AI98: 28.58 | AJ98: 60 | AK98: 9 | AL98: 9 | AM98: 0.79 | AN98: 294 | AO98: 301.13 | AP98: 358240.37 | AQ98: 187000.3 | AR98: 20230124-095935_4cd73326-6dab-4779-98ad-7d33e9c33b05 | AT98: =(AP98-AQ98)/(365*24*2) -> 9.7739766
... A121: 17.11 | B121: 28.43 | C121: 5478.82 | D121: 7.59 | E121: [18.47, 48.08] | F121: [24.98, 2.9] | G121: [10.95, 10.95] | H121: [2.0, 9.53] | I121: 0 | J121: 599.43 | K121: =IF(E121=0,0, VALUE(MID(E121,2,FIND(",",E121)-2))+ VALUE(MID(F121,2,FIND(",",F121)-2))+ VALUE(MID(G121,2,FIND(",",G121)-2)) ) -> 54.4 | L121: =IF(E121=0,0, VALUE(MID(E121,FIND(",",E121)+1,FIND("]",E121)-FIND(",",E121)-1))+ VALUE(MID(F121,FIND(",",F121)+1,FIND("]",F121)-FIND(",",F121)-1))+ VALUE(MID(G121,FIND(",",G121)+1,FIND("]",G121)-FIND(",",G121)-1)) ) -> 61.93 | M121: =(K121-L121) -> -7.53 | N121: 7.15 | O121: 85.13 | P121: 80 | Q121: 13.8 | R121: 11.32 | S121: 11.58 | T121: 5.53 | U121: 9.14 | V121: 3506.44 | W121: 1054.38 | X121: 1356.8 | Y121: 775.33 | Z121: 5.71 | AA121: 1.55 | AB121: 4.49 | AC121: 67.17 | AD121: 490 | AE121: 4700 | AF121: 81.38 | AG121: 0.47 | AH121: 10 | AI121: 35.64 | AJ121: 60 | AK121: 9 | AL121: 9 | AM121: 0.64 | AN121: 294 | AO121: 299.72 | AP121: 352404.12 | AQ121: 184118.28 | AR121: 20230124-100453_4df133dc-7a53-44a7-9b11-dc680cccd0b4 | AT121: =(AP121-AQ121)/(365*24*2) -> 9.6053562
A122: 0 | B122: 0 | C122: 0 | D122: 0 | E122: 0 | F122: 0 | G122: 0 | H122: 0 | I122: 0 | J122: 0 | K122: =IF(E122=0,0, VALUE(MID(E122,2,FIND(",",E122)-2))+ VALUE(MID(F122,2,FIND(",",F122)-2))+ VALUE(MID(G122,2,FIND(",",G122)-2)) ) -> 0 | L122: =IF(E122=0,0, VALUE(MID(E122,FIND(",",E122)+1,FIND("]",E122)-FIND(",",E122)-1))+ VALUE(MID(F122,FIND(",",F122)+1,FIND("]",F122)-FIND(",",F122)-1))+ VALUE(MID(G122,FIND(",",G122)+1,FIND("]",G122)-FIND(",",G122)-1)) ) -> 0 | M122: =(K122-L122) -> 0 | N122: 0 | O122: 0 | P122: 0 | Q122: 0 | R122: 0 | S122: 0 | T122: 0 | U122: 0 | V122: 0 | W122: 0 | X122: 0 | Y122: 0 | Z122: 0 | AA122: 0 | AB122: 0 | AC122: 0 | AD122: 0 | AE122: 0 | AF122: 0 | AG122: 0 | AH122: 0 | AI122: 0 | AJ122: 0 | AK122: 0 | AL122: 0 | AM122: 0 | AN122: 0 | AO122: 0 | AP122: 0 | AQ122: 0 | AR122: 0 | AT122: =(AP122-AQ122)/(365*24*2) -> 0
A123: 18.9 | B123: 29.95 | C123: 5458.56 | D123: 7.62 | E123: [19.46, 47.61] | F123: [25.03, 3.57] | G123: [10.16, 10.16] | H123: [2.75, 9.44] | I123: 0 | J123: 620.29 | K123: =IF(E123=0,0, VALUE(MID(E123,2,FIND(",",E123)-2))+ VALUE(MID(F123,2,FIND(",",F123)-2))+ VALUE(MID(G123,2,FIND(",",G123)-2)) ) -> 54.65 | L123: =IF(E123=0,0, VALUE(MID(E123,FIND(",",E123)+1,FIND("]",E123)-FIND(",",E123)-1))+ VALUE(MID(F123,FIND(",",F123)+1,FIND("]",F123)-FIND(",",F123)-1))+ VALUE(MID(G123,FIND(",",G123)+1,FIND("]",G123)-FIND(",",G123)-1)) ) -> 61.34 | M123: =(K123-L123) -> -6.69 | N123: 7.15 | O123: 84.96 | P123: 59 | Q123: 18.7 | R123: 11.05 | S123: 13.72 | T123: 5.19 | U123: 8.8 | V123: 3493.48 | W123: 1047.23 | X123: 1323.13 | Y123: 764.35 | Z123: 5.79 | AA123: 1.6 | AB123: 4.42 | AC123: 68.05 | AD123: 490 | AE123: 4700 | AF123: 79.45 | AG123: 0.47 | AH123: 10.19 | AI123: 35.99 | AJ123: 60 | AK123: 9 | AL123: 9 | AM123: 0.63 | AN123: 294 | AO123: 299.66 | AP123: 360790.09 | AQ123: 190294.8 | AR123: 20230124-101016_79675cf0-9f37-4858-be97-c14340cf0d39 | AT123: =(AP123-AQ123)/(365*24*2) -> 9.7314663
A124: 18.56 | B124: 29.54 | C124: 5469.04 | D124: 7.61 | E124: [29.6, 61.67] | F124: [24.93, 0.9] | G124: [10.71, 10.71] | H124: [4.17, 12.21] | I124: 0 | J124: 761.41 | K124: =IF(E124=0,0, VALUE(MID(E124,2,FIND(",",E124)-2))+ VALUE(MID(F124,2,FIND(",",F124)-2))+ VALUE(MID(G124,2,FIND(",",G124)-2)) ) -> 65.24 | L124: =IF(E124=0,0, VALUE(MID(E124,FIND(",",E124)+1,FIND("]",E124)-FIND(",",E124)-1))+ VALUE(MID(F124,FIND(",",F124)+1,FIND("]",F124)-FIND(",",F124)-1))+ VALUE(MID(G124,FIND(",",G124)+1,FIND("]",G124)-FIND(",",G124)-1)) ) -> 73.28 | M124: =(K124-L124) -> -8.04 | N124: 7.26 | O124: 85.12 | P124: 61 | Q124: 18.2 | R124: 10.99 | S124: 13.51 | T124: 5.04 | U124: 7.18 | V124: 3500.19 | W124: 1043.05 | X124: 1253.91 | Y124: 748.52 | Z124: 5.34 | AA124: 1.56 | AB124: 4.49 | AC124: 68.55 | AD124: 490 | AE124: 4700 | AF124: 79.02 | AG124: 0.47 | AH124: 12.78 | AI124: 27.81 | AJ124: 60 | AK124: 9 | AL124: 9 | AM124: 0.81 | AN124: 294 | AO124: 301.33 | AP124: 383433.43 | AQ124: 198536.38 | AR124: 20230124-101016_5e3211ff-d4c2-40a3-a067-0166050cb07d | AT124: =(AP124-AQ124)/(365*24*2) -> 10.553485
A125: 17.91 | B125: 28.98 | C125: 5516.95 | D125: 7.58 | E125: [31.73, 62.94] | F125: [25.06, 1.72] | G125: [10.15, 10.15] | H125: [4.6, 12.47] | I125: 0 | J125: 788.52 | K125: =IF(E125=0,0, VALUE(MID(E125,2,FIND(",",E125)-2))+ VALUE(MID(F125,2,FIND(",",F125)-2))+ VALUE(MID(G125,2,FIND(",",G125)-2)) ) -> 66.94 | L125: =IF(E125=0,0, VALUE(MID(E125,FIND(",",E125)+1,FIND("]",E125)-FIND(",",E125)-1))+ VALUE(MID(F125,FIND(",",F125)+1,FIND("]",F125)-FIND(",",F125)-1))+ VALUE(MID(G125,FIND(",",G125)+1,FIND("]",G125)-FIND(",",G125)-1)) ) -> 74.81 | M125: =(K125-L125) -> -7.87 | N125: 7.27 | O125: 84.33 | P125: 65 | Q125: 17.1 | R125: 11.07 | S125: 12.99 | T125: 4.91 | U125: 7 | V125: 3530.85 | W125: 1050.14 | X125: 1245.92 | Y125: 749.87 | Z125: 5.37 | AA125: 1.52 | AB125: 4.54 | AC125: 69.27 | AD125: 490 | AE125: 4700 | AF125: 79.63 | AG125: 0.47 | AH125: 13.28 | AI125: 27.24 | AJ125: 60 | AK125: 9 | AL125: 9 | AM125: 0.83 | AN125: 294 | AO125: 301.48 | AP125: 390752.63 | AQ125: 211761.14 | AR125: 20230124-101016_41cccb7a-48fe-4dd0-a598-83cdc400908d | AT125: =(AP125-AQ125)/(365*24*2) -> 10.216409
A126: 0 | B126: 0 | C126: 0 | D126: 0 | E126: 0 | F126: 0 | G126: 0 | H126: 0 | I126: 0 | J126: 0 | K126: =IF(E126=0,0, VALUE(MID(E126,2,FIND(",",E126)-2))+ VALUE(MID(F126,2,FIND(",",F126)-2))+ VALUE(MID(G126,2,FIND(",",G126)-2)) ) -> 0 | L126: =IF(E126=0,0, VALUE(MID(E126,FIND(",",E126)+1,FIND("]",E126)-FIND(",",E126)-1))+ VALUE(MID(F126,FIND(",",F126)+1,FIND("]",F126)-FIND(",",F126)-1))+ VALUE(MID(G126,FIND(",",G126)+1,FIND("]",G126)-FIND(",",G126)-1)) ) -> 0 | M126: =(K126-L126) -> 0 | N126: 0 | O126: 0 | P126: 0 | Q126: 0 | R126: 0 | S126: 0 | T126: 0 | U126: 0 | V126: 0 | W126: 0 | X126: 0 | Y126: 0 | Z126: 0 | AA126: 0 | AB126: 0 | AC126: 0 | AD126: 0 | AE126: 0 | AF126: 0 | AG126: 0 | AH126: 0 | AI126: 0 | AJ126: 0 | AK126: 0 | AL126: 0 | AM126: 0 | AN126: 0 | AO126: 0 | AP126: 0 | AQ126: 0 | AR126: 0 | AT126: =(AP126-AQ126)/(365*24*2) -> 0
A127: 0 | B127: 0 | C127: 0 | D127: 0 | E127: 0 | F127: 0 | G127: 0 | H127: 0 | I127: 0 | J127: 0 | K127: =IF(E127=0,0, VALUE(MID(E127,2,FIND(",",E127)-2))+ VALUE(MID(F127,2,FIND(",",F127)-2))+ VALUE(MID(G127,2,FIND(",",G127)-2)) ) -> 0 | L127: =IF(E127=0,0, VALUE(MID(E127,FIND(",",E127)+1,FIND("]",E127)-FIND(",",E127)-1))+ VALUE(MID(F127,FIND(",",F127)+1,FIND("]",F127)-FIND(",",F127)-1))+ VALUE(MID(G127,FIND(",",G127)+1,FIND("]",G127)-FIND(",",G127)-1)) ) -> 0 | M127: =(K127-L127) -> 0 | N127: 0 | O127: 0 | P127: 0 | Q127: 0 | R127: 0 | S127: 0 | T127: 0 | U127: 0 | V127: 0 | W127: 0 | X127: 0 | Y127: 0 | Z127: 0 | AA127: 0 | AB127: 0 | AC127: 0 | AD127: 0 | AE127: 0 | AF127: 0 | AG127: 0 | AH127: 0 | AI127: 0 | AJ127: 0 | AK127: 0 | AL127: 0 | AM127: 0 | AN127: 0 | AO127: 0 | AP127: 0 | AQ127: 0 | AR127: 0 | AT127: =(AP127-AQ127)/(365*24*2) -> 0
A128: 19.26 | B128: 30.53 | C128: 5437.12 | D128: 7.61 | E128: [33.87, 69.01] | F128: [25.1, 1.63] | G128: [11.37, 11.37] | H128: [2.0, 13.67] | I128: 0 | J128: 802.53 | K128: =IF(E128=0,0, VALUE(MID(E128,2,FIND(",",E128)-2))+ VALUE(MID(F128,2,FIND(",",F128)-2))+ VALUE(MID(G128,2,FIND(",",G128)-2)) ) -> 70.34 | L128: =IF(E128=0,0, VALUE(MID(E128,FIND(",",E128)+1,FIND("]",E128)-FIND(",",E128)-1))+ VALUE(MID(F128,FIND(",",F128)+1,FIND("]",F128)-FIND(",",F128)-1))+ VALUE(MID(G128,FIND(",",G128)+1,FIND("]",G128)-FIND(",",G128)-1)) ) -> 82.01 | M128: =(K128-L128) -> -11.67 | N128: 7.3 | O128: 84.83 | P128: 51 | Q128: 20.4 | R128: 11.27 | S128: 14.18 | T128: 5.08 | U128: 6.77 | V128: 3479.76 | W128: 1036.07 | X128: 1234.1 | Y128: 741.42 | Z128: 5.15 | AA128: 1.56 | AB128: 4.48 | AC128: 68.93 | AD128: 490 | AE128: 4700 | AF128: 81.06 | AG128: 0.47 | AH128: 14.04 | AI128: 24.84 | AJ128: 60 | AK128: 9 | AL128: 9 | AM128: 0.91 | AN128: 294 | AO128: 302.2 | AP128: 367785 | AQ128: 229286.3 | AR128: 20230124-101016_d50c42c9-2b63-4e06-875a-225f5e389e5d | AT128: =(AP128-AQ128)/(365*24*2) -> 7.9051769
A129: 19.13 | B129: 30.1 | C129: 5463.18 | D129: 7.59 | E129: [26.74, 60.99] | F129: [25.03, 0.85] | G129: [10.63, 10.63] | H129: [2.0, 12.08] | I129: 0 | J129: 725.03 | K129: =IF(E129=0,0, VALUE(MID(E129,2,FIND(",",E129)-2))+ VALUE(MID(F129,2,FIND(",",F129)-2))+ VALUE(MID(G129,2,FIND(",",G129)-2)) ) -> 62.4 | L129: =IF(E129=0,0, VALUE(MID(E129,FIND(",",E129)+1,FIND("]",E129)-FIND(",",E129)-1))+ VALUE(MID(F129,FIND(",",F129)+1,FIND("]",F129)-FIND(",",F129)-1))+ VALUE(MID(G129,FIND(",",G129)+1,FIND("]",G129)-FIND(",",G129)-1)) ) -> 72.47 | M129: =(K129-L129) -> -10.07 | N129: 7.23 | O129: 84.75 | P129: 55 | Q129: 19.4 | R129: 10.97 | S129: 13.83 | T129: 5.3 | U129: 7.54 | V129: 3496.44 | W129: 1043.38 | X129: 1268.96 | Y129: 751.72 | Z129: 5.17 | AA129: 1.56 | AB129: 4.48 | AC129: 67.42 | AD129: 490 | AE129: 4700 | AF129: 78.88 | AG129: 0.47 | AH129: 12.07 | AI129: 28.11 | AJ129: 60 | AK129: 9 | AL129: 9 | AM129: 0.81 | AN129: 294 | AO129: 301.25 | AP129: 360061.07 | AQ129: 195956.94 | AR129: 20230124-101016_97304302-6dc0-445b-99ec-3108bc71f6fc | AT129: =(AP129-AQ129)/(365*24*2) -> 9.3666741
A130: 19.49 | B130: 30.63 | C130: 5436.32 | D130: 7.61 | E130: [25.03, 58.95] | F130: [25.04, 0.8] | G130: [10.3, 10.3] | H130: [2.0, 11.67] | I130: 0 | J130: 704.24 | K130: =IF(E130=0,0, VALUE(MID(E130,2,FIND(",",E130)-2))+ VALUE(MID(F130,2,FIND(",",F130)-2))+ VALUE(MID(G130,2,FIND(",",G130)-2)) ) -> 60.37 | L130: =IF(E130=0,0, VALUE(MID(E130,FIND(",",E130)+1,FIND("]",E130)-FIND(",",E130)-1))+ VALUE(MID(F130,FIND(",",F130)+1,FIND("]",F130)-FIND(",",F130)-1))+ VALUE(MID(G130,FIND(",",G130)+1,FIND("]",G130)-FIND(",",G130)-1)) ) -> 70.05 | M130: =(K130-L130) -> -9.68 | N130: 7.21 | O130: 85.1 | P130: 48 | Q130: 21.5 | R130: 11.14 | S130: 14.71 | T130: 4.78 | U130: 7.72 | V130: 3479.24 | W130: 1038.66 | X130: 1269.34 | Y130: 749.37 | Z130: 5.17 | AA130: 1.59 | AB130: 4.44 | AC130: 69.97 | AD130: 490 | AE130: 4700 | AF130: 80.1 | AG130: 0.47 | AH130: 11.92 | AI130: 29.09 | AJ130: 60 | AK130: 9 | AL130: 9 | AM130: 0.78 | AN130: 294 | AO130: 301 | AP130: 358357.08 | AQ130: 189097.29 | AR130: 20230124-101016_61caf477-6352-4fbe-bd64-c185b9f89515 | AT130: =(AP130-AQ130)/(365*24*2) -> 9.6609469
A131: 17.17 | B131: 28.42 | C131: 5541.97 | D131: 7.59 | E131: [3.67, 30.19] | F131: [24.99, 1.08] | G131: [10.6, 10.6] | H131: [3.37, 5.98] | I131: 0 | J131: 247.16 | K131: =IF(E131=0,0, VALUE(MID(E131,2,FIND(",",E131)-2))+ VALUE(MID(F131,2,FIND(",",F131)-2))+ VALUE(MID(G131,2,FIND(",",G131)-2)) ) -> 39.26 | L131: =IF(E131=0,0, VALUE(MID(E131,FIND(",",E131)+1,FIND("]",E131)-FIND(",",E131)-1))+ VALUE(MID(F131,FIND(",",F131)+1,FIND("]",F131)-FIND(",",F131)-1))+ VALUE(MID(G131,FIND(",",G131)+1,FIND("]",G131)-FIND(",",G131)-1)) ) -> 41.87 | M131: =(K131-L131) -> -2.61 | N131: 6.9 | O131: 84.48 | P131: 68 | Q131: 16.2 | R131: 11.25 | S131: 12.51 | T131: 4.66 | U131: 22.42 | V131: 3546.86 | W131: 1125.6 | X131: 2017.65 | Y131: 945.08 | Z131: 6.56 | AA131: 1.75 | AB131: 4.09 | AC131: 70.7 | AD131: 490 | AE131: 4700 | AF131: 80.87 | AG131: 0.47 | AH131: 3.77 | AI131: 56.77 | AJ131: 60 | AK131: 9 | AL131: 9 | AM131: 0.4 | AN131: 294 | AO131: 297.59 | AP131: 353292.64 | AQ131: 109733.22 | AR131: 20230124-101016_1104b0f1-3223-4073-96a5-27cec0d4a0c0 | AT131: =(AP131-AQ131)/(365*24*2) -> 13.901793
A132: 15.86 | B132: 27.52 | C132: 5490.81 | D132: 7.6 | E132: [17.11, 46.55] | F132: [24.88, 2.61] | G132: [10.79, 10.79] | H132: [2.05, 9.22] | I132: 0 | J132: 577.01 | K132: =IF(E132=0,0, VALUE(MID(E132,2,FIND(",",E132)-2))+ VALUE(MID(F132,2,FIND(",",F132)-2))+ VALUE(MID(G132,2,FIND(",",G132)-2)) ) -> 52.78 | L132: =IF(E132=0,0, VALUE(MID(E132,FIND(",",E132)+1,FIND("]",E132)-FIND(",",E132)-1))+ VALUE(MID(F132,FIND(",",F132)+1,FIND("]",F132)-FIND(",",F132)-1))+ VALUE(MID(G132,FIND(",",G132)+1,FIND("]",G132)-FIND(",",G132)-1)) ) -> 59.95 | M132: =(K132-L132) -> -7.17 | N132: 7.13 | O132: 85.28 | P132: 78 | Q132: 12.7 | R132: 11.66 | S132: 10.31 | T132: 5.55 | U132: 9.52 | V132: 3514.12 | W132: 1058.08 | X132: 1375.71 | Y132: 780.89 | Z132: 5.72 | AA132: 1.54 | AB132: 4.51 | AC132: 67.73 | AD132: 490 | AE132: 4700 | AF132: 83.82 | AG132: 0.47 | AH132: 9.84 | AI132: 36.81 | AJ132: 60 | AK132: 9 | AL132: 9 | AM132: 0.61 | AN132: 294 | AO132: 299.53 | AP132: 350399.55 | AQ132: 176038.7 | AR132: 20230124-101016_4da7df95-2b79-4509-84b6-395edbc24f3c | AT132: =(AP132-AQ132)/(365*24*2) -> 9.9521033
A133: 19.58 | B133: 30.69 | C133: 5454.71 | D133: 7.6 | E133: [28.25, 62.58] | F133: [24.95, 1.02] | G133: [10.77, 10.77] | H133: [2.0, 12.39] | I133: 0 | J133: 744.27 | K133: =IF(E133=0,0, VALUE(MID(E133,2,FIND(",",E133)-2))+ VALUE(MID(F133,2,FIND(",",F133)-2))+ VALUE(MID(G133,2,FIND(",",G133)-2)) ) -> 63.97 | L133: =IF(E133=0,0, VALUE(MID(E133,FIND(",",E133)+1,FIND("]",E133)-FIND(",",E133)-1))+ VALUE(MID(F133,FIND(",",F133)+1,FIND("]",F133)-FIND(",",F133)-1))+ VALUE(MID(G133,FIND(",",G133)+1,FIND("]",G133)-FIND(",",G133)-1)) ) -> 74.37 | M133: =(K133-L133) -> -10.4 | N133: 7.25 | O133: 84.79 | P133: 47 | Q133: 21.8 | R133: 11.12 | S133: 14.82 | T133: 4.76 | U133: 7.33 | V133: 3491.01 | W133: 1041.16 | X133: 1259.4 | Y133: 748.79 | Z133: 5.16 | AA133: 1.57 | AB133: 4.46 | AC133: 70.02 | AD133: 490 | AE133: 4700 | AF133: 79.94 | AG133: 0.47 | AH133: 12.63 | AI133: 27.4 | AJ133: 60 | AK133: 9 | AL133: 9 | AM133: 0.83 | AN133: 294 | AO133: 301.44 | AP133: 360468.07 | AQ133: 202645.84 | AR133: 20230124-101016_29694bd8-ac0d-4653-be9f-8b8a5d2ba567 | AT133: =(AP133-AQ133)/(365*24*2) -> 9.0081182
A134: 19.45 | B134: 30.43 | C134: 5439.28 | D134: 7.59 | E134: [33.55, 67.42] | F134: [24.91, 2.41] | G134: [10.31, 10.31] | H134: [2.0, 13.36] | I134: 0 | J134: 808.98 | K134: =IF(E134=0,0, VALUE(MID(E134,2,FIND(",",E134)-2))+ VALUE(MID(F134,2,FIND(",",F134)-2))+ VALUE(MID(G134,2,FIND(",",G134)-2)) ) -> 68.77 | L134: =IF(E134=0,0, VALUE(MID(E134,FIND(",",E134)+1,FIND("]",E134)-FIND(",",E134)-1))+ VALUE(MID(F134,FIND(",",F134)+1,FIND("]",F134)-FIND(",",F134)-1))+ VALUE(MID(G134,FIND(",",G134)+1,FIND("]",G134)-FIND(",",G134)-1)) ) -> 80.14 | M134: =(K134-L134) -> -11.37 | N134: 7.29 | O134: 85.19 | P134: 53 | Q134: 19.9 | R134: 10.98 | S134: 14.01 | T134: 5.44 | U134: 6.72 | V134: 3481.14 | W134: 1034.91 | X134: 1222.26 | Y134: 737.96 | Z134: 5.15 | AA134: 1.55 | AB134: 4.5 | AC134: 66.89 | AD134: 490 | AE134: 4700 | AF134: 78.97 | AG134: 0.47 | AH134: 13.8 | AI134: 25.43 | AJ134: 60 | AK134: 9 | AL134: 9 | AM134: 0.89 | AN134: 294 | AO134: 302.01 | AP134: 364284.01 | AQ134: 233300.91 | AR134: 20230124-101016_d70c5c40-a87f-4877-981c-c3a6747e342c | AT134: =(AP134-AQ134)/(365*24*2) -> 7.4762043
A135: 16.83 | B135: 28.19 | C135: 5490.37 | D135: 7.6 | E135: [2.59, 31.13] | F135: [25.01, 0.61] | G135: [11.42, 11.42] | H135: [2.01, 6.17] | I135: 0 | J135: 212.43 | K135: =IF(E135=0,0, VALUE(MID(E135,2,FIND(",",E135)-2))+ VALUE(MID(F135,2,FIND(",",F135)-2))+ VALUE(MID(G135,2,FIND(",",G135)-2)) ) -> 39.02 | L135: =IF(E135=0,0, VALUE(MID(E135,FIND(",",E135)+1,FIND("]",E135)-FIND(",",E135)-1))+ VALUE(MID(F135,FIND(",",F135)+1,FIND("]",F135)-FIND(",",F135)-1))+ VALUE(MID(G135,FIND(",",G135)+1,FIND("]",G135)-FIND(",",G135)-1)) ) -> 43.16 | M135: =(K135-L135) -> -4.14 | N135: 6.9 | O135: 85.6 | P135: 81 | Q135: 12.4 | R135: 11.36 | S135: 10.34 | T135: 6.5 | U135: 25.85 | V135: 3513.84 | W135: 1139.13 | X135: 2232.94 | Y135: 998.63 | Z135: 6.33 | AA135: 1.8 | AB135: 3.99 | AC135: 63.62 | AD135: 490 | AE135: 4700 | AF135: 81.66 | AG135: 0.47 | AH135: 3.29 | AI135: 55.07 | AJ135: 60 | AK135: 9 | AL135: 9 | AM135: 0.41 | AN135: 294 | AO135: 297.7 | AP135: 339412.96 | AQ135: 107451.83 | AR135: 20230124-101016_2bd55432-2991-45ff-aa16-37fdae50cc58 | AT135: =(AP135-AQ135)/(365*24*2) -> 13.239791
A136: 19.68 | B136: 30.93 | C136: 5423.31 | D136: 7.6 | E136: [24.32, 53.84] | F136: [25.07, 4.22] | G136: [11.31, 11.31] | H136: [2.0, 10.67] | I136: 0 | J136: 687.41 | K136: =IF(E136=0,0, VALUE(MID(E136,2,FIND(",",E136)-2))+ VALUE(MID(F136,2,FIND(",",F136)-2))+ VALUE(MID(G136,2,FIND(",",G136)-2)) ) -> 60.7 | L136: =IF(E136=0,0, VALUE(MID(E136,FIND(",",E136)+1,FIND("]",E136)-FIND(",",E136)-1))+ VALUE(MID(F136,FIND(",",F136)+1,FIND("]",F136)-FIND(",",F136)-1))+ VALUE(MID(G136,FIND(",",G136)+1,FIND("]",G136)-FIND(",",G136)-1)) ) -> 69.37 | M136: =(K136-L136) -> -8.67 | N136: 7.22 | O136: 84.88 | P136: 47 | Q136: 22 | R136: 11.25 | S136: 14.99 | T136: 4.69 | U136: 7.89 | V136: 3470.92 | W136: 1038.84 | X136: 1288.75 | Y136: 754.11 | Z136: 5.69 | AA136: 1.58 | AB136: 4.44 | AC136: 70.56 | AD136: 490 | AE136: 4700 | AF136: 80.91 | AG136: 0.47 | AH136: 11.74 | AI136: 31.82 | AJ136: 60 | AK136: 9 | AL136: 9 | AM136: 0.71 | AN136: 294 | AO136: 300.4 | AP136: 358949.41 | AQ136: 217259.35 | AR136: 20230124-101016_889ac45a-4342-457e-b5a1-50146a4fddc4 | AT136: =(AP136-AQ136)/(365*24*2) -> 8.0873322
A137: 16.69 | B137: 28.01 | C137: 5483.12 | D137: 7.61 | E137: [5.49, 32.65] | F137: [24.95, 2.23] | G137: [10.41, 10.41] | H137: [2.04, 6.47] | I137: 0 | J137: 304.89 | K137: =IF(E137=0,0, VALUE(MID(E137,2,FIND(",",E137)-2))+ VALUE(MID(F137,2,FIND(",",F137)-2))+ VALUE(MID(G137,2,FIND(",",G137)-2)) ) -> 40.85 | L137: =IF(E137=0,0, VALUE(MID(E137,FIND(",",E137)+1,FIND("]",E137)-FIND(",",E137)-1))+ VALUE(MID(F137,FIND(",",F137)+1,FIND("]",F137)-FIND(",",F137)-1))+ VALUE(MID(G137,FIND(",",G137)+1,FIND("]",G137)-FIND(",",G137)-1)) ) -> 45.29 | M137: =(K137-L137) -> -4.44 | N137: 6.93 | O137: 85.08 | P137: 81 | Q137: 12.6 | R137: 11.32 | S137: 10.53 | T137: 6.16 | U137: 17.98 | V137: 3509.2 | W137: 1093.52 | X137: 1781.14 | Y137: 880.77 | Z137: 6.31 | AA137: 1.69 | AB137: 4.22 | AC137: 64.73 | AD137: 490 | AE137: 4700 | AF137: 81.37 | AG137: 0.47 | AH137: 4.79 | AI137: 52.48 | AJ137: 60 | AK137: 9 | AL137: 9 | AM137: 0.43 | AN137: 294 | AO137: 297.88 | AP137: 340619.53 | AQ137: 130845.21 | AR137: 20230124-101016_f6595d31-1541-42a2-8b9d-03d0e85805df | AT137: =(AP137-AQ137)/(365*24*2) -> 11.97342
A138: 19.6 | B138: 30.8 | C138: 5418.23 | D138: 7.6 | E138: [34.51, 68.14] | F138: [25.0, 2.87] | G138: [9.99, 9.99] | H138: [2.0, 13.5] | I138: 0 | J138: 820.34 | K138: =IF(E138=0,0, VALUE(MID(E138,2,FIND(",",E138)-2))+ VALUE(MID(F138,2,FIND(",",F138)-2))+ VALUE(MID(G138,2,FIND(",",G138)-2)) ) -> 69.5 | L138: =IF(E138=0,0, VALUE(MID(E138,FIND(",",E138)+1,FIND("]",E138)-FIND(",",E138)-1))+ VALUE(MID(F138,FIND(",",F138)+1,FIND("]",F138)-FIND(",",F138)-1))+ VALUE(MID(G138,FIND(",",G138)+1,FIND("]",G138)-FIND(",",G138)-1)) ) -> 81 | M138: =(K138-L138) -> -11.5 | N138: 7.29 | O138: 85.22 | P138: 47 | Q138: 22 | R138: 11.2 | S138: 14.99 | T138: 4.61 | U138: 6.6 | V138: 3467.67 | W138: 1030.02 | X138: 1209.55 | Y138: 732.87 | Z138: 5.15 | AA138: 1.54 | AB138: 4.51 | AC138: 70.84 | AD138: 490 | AE138: 4700 | AF138: 80.53 | AG138: 0.47 | AH138: 14.37 | AI138: 25.15 | AJ138: 60 | AK138: 9 | AL138: 9 | AM138: 0.9 | AN138: 294 | AO138: 302.1 | AP138: 365926.62 | AQ138: 240811.7 | AR138: 20230124-101016_bf64faa7-b898-40a7-b952-cd03f1b32e82 | AT138: =(AP138-AQ138)/(365*24*2) -> 7.1412626
A139: 15.84 | B139: 27.52 | C139: 5484.26 | D139: 7.61 | E139: [27.91, 61.62] | F139: [25.03, 0.92] | G139: [10.68, 10.68] | H139: [2.62, 12.2] | I139: 0 | J139: 739.71 | K139: =IF(E139=0,0, VALUE(MID(E139,2,FIND(",",E139)-2))+ VALUE(MID(F139,2,FIND(",",F139)-2))+ VALUE(MID(G139,2,FIND(",",G139)-2)) ) -> 63.62 | L139: =IF(E139=0,0, VALUE(MID(E139,FIND(",",E139)+1,FIND("]",E139)-FIND(",",E139)-1))+ VALUE(MID(F139,FIND(",",F139)+1,FIND("]",F139)-FIND(",",F139)-1))+ VALUE(MID(G139,FIND(",",G139)+1,FIND("]",G139)-FIND(",",G139)-1)) ) -> 73.22 | M139: =(K139-L139) -> -9.6 | N139: 7.24 | O139: 84.85 | P139: 81 | Q139: 12 | R139: 11.68 | S139: 9.95 | T139: 5.89 | U139: 7.41 | V139: 3509.93 | W139: 1046.81 | X139: 1267.06 | Y139: 752.96 | Z139: 5.21 | AA139: 1.52 | AB139: 4.58 | AC139: 66.48 | AD139: 490 | AE139: 4700 | AF139: 83.98 | AG139: 0.47 | AH139: 13.09 | AI139: 27.83 | AJ139: 60 | AK139: 9 | AL139: 9 | AM139: 0.81 | AN139: 294 | AO139: 301.32 | AP139: 367405.46 | AQ139: 198596.33 | AR139: 20230124-101016_63ec2a98-7975-4013-a1f1-922660e75651 | AT139: =(AP139-AQ139)/(365*24*2) -> 9.6352243
... A251: 21.31 | B251: 32.21 | C251: 5490.71 | D251: 7.62 | E251: [23.88, 47.77] | F251: [24.87, 2.84] | G251: [10.93, 10.93] | H251: [7.62, 9.47] | I251: 0 | J251: 685.78 | K251: =IF(E251=0,0, VALUE(MID(E251,2,FIND(",",E251)-2))+ VALUE(MID(F251,2,FIND(",",F251)-2))+ VALUE(MID(G251,2,FIND(",",G251)-2)) ) -> 59.68 | L251: =IF(E251=0,0, VALUE(MID(E251,FIND(",",E251)+1,FIND("]",E251)-FIND(",",E251)-1))+ VALUE(MID(F251,FIND(",",F251)+1,FIND("]",F251)-FIND(",",F251)-1))+ VALUE(MID(G251,FIND(",",G251)+1,FIND("]",G251)-FIND(",",G251)-1)) ) -> 61.54 | M251: =(K251-L251) -> -1.86 | N251: 7.21 | O251: 85.91 | P251: 87 | Q251: 19.6 | R251: 10.91 | S251: 18.01 | T251: 3.3 | U251: 8.01 | V251: 3514.05 | W251: 1051.3 | X251: 1301.79 | Y251: 762.47 | Z251: 6.3 | AA251: 1.64 | AB251: 4.34 | AC251: 76.77 | AD251: 490 | AE251: 4700 | AF251: 78.43 | AG251: 0.47 | AH251: 11.19 | AI251: 35.87 | AJ251: 60 | AK251: 9 | AL251: 9 | AM251: 0.63 | AN251: 294 | AO251: 299.68 | AP251: 412900.07 | AQ251: 182390.37 | AR251: 20230124-104213_d19a90aa-763e-4b21-946a-1049fee69e12 | AT251: =(AP251-AQ251)/(365*24*2) -> 13.156946

Sheet N2
A1: supply_temp | B1: return_temp | C1: ct_conductivity | D1: ct_ph | E1: Bore | F1: CWRO | G1: BoilerBD | H1: BD | I1: scheme | J1: mu_conductivity | K1: mu_flow(PV) | L1: mu-flow(OV) | M1: m-saving(PV-OV) | N1: mu_ph | O1: cooling_tower_level | P1: relative_humidity | Q1: ambient_temp | R1: delta_temp | S1: wetBulb_temp | T1: approach_temp | U1: cond_coc | V1: ct_tds | W1: ct_ca | X1: ct_alk | Y1: ct_chloride | Z1: flow_cycle | AA1: sat_index | AB1: sta_index | AC1: perf_index | AD1: system_vol | AE1: rec_rate | AF1: evap_loss | AG1: drift_loss | AH1: blowdown_coc | AI1: hold_time_index | AJ1: dosing_residual | AK1: dosing_contact_time | AL1: dosing_density | AM1: dosing_continuous | AN1: dosing_initial | AO1: dosing_slug | AP1: currentOperatingCost | AQ1: newOperatingCost | AR1: updatedDateTime | AS1: Date and Time | AT1: =SUM(AT2:AT251) -> 2113.5062 | AU1: Total Savings
A2: 20.45 | B2: 28.93 | C2: 5512.81 | D2: 7.6 | E2: [37.04, 58.45] | F2: [19.97, 3.97] | G2: [7.08, 7.08] | H2: [6.18, 11.58] | I2: 0 | J2: 934.11 | K2: =IF(E2=0,0, VALUE(MID(E2,2,FIND(",",E2)-2))+ VALUE(MID(F2,2,FIND(",",F2)-2))+ VALUE(MID(G2,2,FIND(",",G2)-2)) ) -> 64.09 | L2: =IF(E2=0,0, VALUE(MID(E2,FIND(",",E2)+1,FIND("]",E2)-FIND(",",E2)-1))+ VALUE(MID(F2,FIND(",",F2)+1,FIND("]",F2)-FIND(",",F2)-1))+ VALUE(MID(G2,FIND(",",G2)+1,FIND("]",G2)-FIND(",",G2)-1)) ) -> 69.5 | M2: =(K2-L2) -> -5.41 | N2: 7.35 | O2: 89.04 | P2: 59 | Q2: 21.1 | R2: 8.49 | S2: 15.87 | T2: 4.58 | U2: 5.9 | V2: 3528.2 | W2: 1043.33 | X2: 1183.31 | Y2: 733.34 | Z2: 5.53 | AA2: 1.56 | AB2: 4.48 | AC2: 64.94 | AD2: 680 | AE2: 5900 | AF2: 76.61 | AG2: 0.59 | AH2: 15.63 | AI2: 40.68 | AJ2: 60 | AK2: 9 | AL2: 9 | AM2: 0.77 | AN2: 408 | AO2: 414.95 | AP2: 346286.15 | AQ2: 223820.61 | AR2: 20230124-093759_8f3cf142-09ac-4146-806e-26f92db6205a | AT2: =(AP2-AQ2)/(365*24*2) -> 6.9900422 | AU2: =SUM(AT2:AT251) -> 2113.5062
A3: 19.8 | B3: 28.36 | C3: 5481.54 | D3: 7.6 | E3: [39.92, 41.08] | F3: [19.98, 17.67] | G3: [6.72, 6.72] | H3: [9.34, 8.18] | I3: 0 | J3: 963.61 | K3: =IF(E3=0,0, VALUE(MID(E3,2,FIND(",",E3)-2))+ VALUE(MID(F3,2,FIND(",",F3)-2))+ VALUE(MID(G3,2,FIND(",",G3)-2)) ) -> 66.62 | L3: =IF(E3=0,0, VALUE(MID(E3,FIND(",",E3)+1,FIND("]",E3)-FIND(",",E3)-1))+ VALUE(MID(F3,FIND(",",F3)+1,FIND("]",F3)-FIND(",",F3)-1))+ VALUE(MID(G3,FIND(",",G3)+1,FIND("]",G3)-FIND(",",G3)-1)) ) -> 65.47 | M3: =(K3-L3) -> 1.15 | N3: 7.37 | O3: 88.97 | P3: 67 | Q3: 18.3 | R3: 8.56 | S3: 14.33 | T3: 5.46 | U3: 5.69 | V3: 3508.19 | W3: 1036.27 | X3: 1165.35 | Y3: 726.2 | Z3: 8.14 | AA3: 1.54 | AB3: 4.52 | AC3: 61.06 | AD3: 680 | AE3: 5900 | AF3: 77.3 | AG3: 0.59 | AH3: 16.49 | AI3: 57.59 | AJ3: 60 | AK3: 9 | AL3: 9 | AM3: 0.55 | AN3: 408 | AO3: 412.91 | AP3: 380823.23 | AQ3: 341717.71 | AR3: 20230124-093759_a884498a-9014-4d7b-93b0-1726eebac697 | AT3: =(AP3-AQ3)/(365*24*2) -> 2.2320502
A4: 21.07 | B4: 29.56 | C4: 5502.85 | D4: 7.6 | E4: [35.17, 57.06] | F4: [20.0, 3.77] | G4: [7.02, 7.02] | H4: [5.64, 11.31] | I4: 0 | J4: 916.17 | K4: =IF(E4=0,0, VALUE(MID(E4,2,FIND(",",E4)-2))+ VALUE(MID(F4,2,FIND(",",F4)-2))+ VALUE(MID(G4,2,FIND(",",G4)-2)) ) -> 62.19 | L4: =IF(E4=0,0, VALUE(MID(E4,FIND(",",E4)+1,FIND("]",E4)-FIND(",",E4)-1))+ VALUE(MID(F4,FIND(",",F4)+1,FIND("]",F4)-FIND(",",F4)-1))+ VALUE(MID(G4,FIND(",",G4)+1,FIND("]",G4)-FIND(",",G4)-1)) ) -> 67.85 | M4: =(K4-L4) -> -5.66 | N4: 7.34 | O4: 89.03 | P4: 63 | Q4: 21.3 | R4: 8.49 | S4: 16.58 | T4: 4.49 | U4: 6.01 | V4: 3521.82 | W4: 1041.77 | X4: 1185.44 | Y4: 732.98 | Z4: 5.5 | AA4: 1.58 | AB4: 4.45 | AC4: 65.41 | AD4: 680 | AE4: 5900 | AF4: 76.65 | AG4: 0.59 | AH4: 15.31 | AI4: 41.67 | AJ4: 60 | AK4: 9 | AL4: 9 | AM4: 0.75 | AN4: 408 | AO4: 414.79 | AP4: 339527.78 | AQ4: 217337.16 | AR4: 20230124-093759_cffc3147-744b-4994-ace0-e0882e8a1dd7 | AT4: =(AP4-AQ4)/(365*24*2) -> 6.9743505
A5: 20.53 | B5: 29.16 | C5: 5547.23 | D5: 7.61 | E5: [34.35, 34.61] | F5: [19.98, 16.99] | G5: [7.05, 7.05] | H5: [9.63, 6.9] | I5: 0 | J5: 907.68 | K5: =IF(E5=0,0, VALUE(MID(E5,2,FIND(",",E5)-2))+ VALUE(MID(F5,2,FIND(",",F5)-2))+ VALUE(MID(G5,2,FIND(",",G5)-2)) ) -> 61.38 | L5: =IF(E5=0,0, VALUE(MID(E5,FIND(",",E5)+1,FIND("]",E5)-FIND(",",E5)-1))+ VALUE(MID(F5,FIND(",",F5)+1,FIND("]",F5)-FIND(",",F5)-1))+ VALUE(MID(G5,FIND(",",G5)+1,FIND("]",G5)-FIND(",",G5)-1)) ) -> 58.65 | M5: =(K5-L5) -> 2.73 | N5: 7.33 | O5: 89.09 | P5: 59 | Q5: 20 | R5: 8.63 | S5: 14.88 | T5: 5.65 | U5: 6.11 | V5: 3550.23 | W5: 1050.45 | X5: 1197.93 | Y5: 739.63 | Z5: 8.9 | AA5: 1.58 | AB5: 4.45 | AC5: 60.44 | AD5: 680 | AE5: 5900 | AF5: 77.91 | AG5: 0.59 | AH5: 15.24 | AI5: 68.29 | AJ5: 60 | AK5: 9 | AL5: 9 | AM5: 0.46 | AN5: 408 | AO5: 412.14 | AP5: 379117.53 | AQ5: 314998.12 | AR5: 20230124-093759_9f0a1368-5ec7-48f3-a1f7-b03589439cab | AT5: =(AP5-AQ5)/(365*24*2) -> 3.6597837
A6: 20.88 | B6: 29.38 | C6: 5575.31 | D6: 7.59 | E6: [39.89, 45.02] | F6: [20.02, 15.12] | G6: [7.03, 7.03] | H6: [8.72, 8.96] | I6: 0 | J6: 959.65 | K6: =IF(E6=0,0, VALUE(MID(E6,2,FIND(",",E6)-2))+ VALUE(MID(F6,2,FIND(",",F6)-2))+ VALUE(MID(G6,2,FIND(",",G6)-2)) ) -> 66.94 | L6: =IF(E6=0,0, VALUE(MID(E6,FIND(",",E6)+1,FIND("]",E6)-FIND(",",E6)-1))+ VALUE(MID(F6,FIND(",",F6)+1,FIND("]",F6)-FIND(",",F6)-1))+ VALUE(MID(G6,FIND(",",G6)+1,FIND("]",G6)-FIND(",",G6)-1)) ) -> 67.17 | M6: =(K6-L6) -> -0.23 | N6: 7.37 | O6: 88.78 | P6: 85 | Q6: 18.9 | R6: 8.51 | S6: 17.08 | T6: 3.8 | U6: 5.81 | V6: 3568.2 | W6: 1054.47 | X6: 1189.13 | Y6: 739.77 | Z6: 7.47 | AA6: 1.57 | AB6: 4.46 | AC6: 69.13 | AD6: 680 | AE6: 5900 | AF6: 76.78 | AG6: 0.59 | AH6: 15.96 | AI6: 52.62 | AJ6: 60 | AK6: 9 | AL6: 9 | AM6: 0.6 | AN6: 408 | AO6: 413.37 | AP6: 375224.71 | AQ6: 322015.99 | AR6: 20230124-093759_e697bf3c-588b-4d89-9b61-67d892014333 | AT6: =(AP6-AQ6)/(365*24*2) -> 3.0370274
A7: 20.17 | B7: 28.68 | C7: 5527.33 | D7: 7.6 | E7: [44.59, 44.59] | F7: [20.0, 20.0] | G7: [7.04, 7.04] | H7: [10.0, 10.0] | I7: 0 | J7: 998.03 | K7: =IF(E7=0,0, VALUE(MID(E7,2,FIND(",",E7)-2))+ VALUE(MID(F7,2,FIND(",",F7)-2))+ VALUE(MID(G7,2,FIND(",",G7)-2)) ) -> 71.63 | L7: =IF(E7=0,0, VALUE(MID(E7,FIND(",",E7)+1,FIND("]",E7)-FIND(",",E7)-1))+ VALUE(MID(F7,FIND(",",F7)+1,FIND("]",F7)-FIND(",",F7)-1))+ VALUE(MID(G7,FIND(",",G7)+1,FIND("]",G7)-FIND(",",G7)-1)) ) -> 71.63 | M7: =(K7-L7) -> 0 | N7: 7.4 | O7: 88.97 | P7: 64 | Q7: 19.7 | R7: 8.51 | S7: 15.25 | T7: 4.92 | U7: 5.54 | V7: 3537.49 | W7: 1044.58 | X7: 1169.32 | Y7: 731.11 | Z7: 7.16 | AA7: 1.55 | AB7: 4.5 | AC7: 63.36 | AD7: 680 | AE7: 5900 | AF7: 76.85 | AG7: 0.59 | AH7: 16.93 | AI7: 47.12 | AJ7: 60 | AK7: 9 | AL7: 9 | AM7: 0.67 | AN7: 408 | AO7: 414 | AP7: 392065.22 | AQ7: 392065.22 | AR7: 20230124-093759_5bf3c0ad-e364-4209-aee7-a3fb00439d48 | AT7: =(AP7-AQ7)/(365*24*2) -> 0
A8: 19.5 | B8: 28.08 | C8: 5464.1 | D8: 7.6 | E8: [37.45, 46.7] | F8: [20.02, 11.58] | G8: [6.67, 6.67] | H8: [8.47, 9.28] | I8: 0 | J8: 941.24 | K8: =IF(E8=0,0, VALUE(MID(E8,2,FIND(",",E8)-2))+ VALUE(MID(F8,2,FIND(",",F8)-2))+ VALUE(MID(G8,2,FIND(",",G8)-2)) ) -> 64.14 | L8: =IF(E8=0,0, VALUE(MID(E8,FIND(",",E8)+1,FIND("]",E8)-FIND(",",E8)-1))+ VALUE(MID(F8,FIND(",",F8)+1,FIND("]",F8)-FIND(",",F8)-1))+ VALUE(MID(G8,FIND(",",G8)+1,FIND("]",G8)-FIND(",",G8)-1)) ) -> 64.95 | M8: =(K8-L8) -> -0.81 | N8: 7.35 | O8: 88.97 | P8: 66 | Q8: 18.2 | R8: 8.58 | S8: 14.12 | T8: 5.38 | U8: 5.81 | V8: 3497.03 | W8: 1033.38 | X8: 1166.81 | Y8: 725.07 | Z8: 6.91 | AA8: 1.53 | AB8: 4.54 | AC8: 61.45 | AD8: 680 | AE8: 5900 | AF8: 77.46 | AG8: 0.59 | AH8: 16.12 | AI8: 50.78 | AJ8: 60 | AK8: 9 | AL8: 9 | AM8: 0.62 | AN8: 408 | AO8: 413.57 | AP8: 370313.06 | AQ8: 283052.14 | AR8: 20230124-093759_f9e7fcbc-77c4-4dc7-8ef4-49ac28693c79 | AT8: =(AP8-AQ8)/(365*24*2) -> 4.9806461
A9: 20.44 | B9: 28.98 | C9: 5512.02 | D9: 7.6 | E9: [37.53, 36.6] | F9: [20.23, 18.46] | G9: [6.97, 6.97] | H9: [10.0, 7.3] | I9: 0 | J9: 936.05 | K9: =IF(E9=0,0, VALUE(MID(E9,2,FIND(",",E9)-2))+ VALUE(MID(F9,2,FIND(",",F9)-2))+ VALUE(MID(G9,2,FIND(",",G9)-2)) ) -> 64.73 | L9: =IF(E9=0,0, VALUE(MID(E9,FIND(",",E9)+1,FIND("]",E9)-FIND(",",E9)-1))+ VALUE(MID(F9,FIND(",",F9)+1,FIND("]",F9)-FIND(",",F9)-1))+ VALUE(MID(G9,FIND(",",G9)+1,FIND("]",G9)-FIND(",",G9)-1)) ) -> 62.03 | M9: =(K9-L9) -> 2.7 | N9: 7.35 | O9: 88.92 | P9: 73 | Q9: 18.4 | R9: 8.54 | S9: 15.15 | T9: 5.28 | U9: 5.89 | V9: 3527.69 | W9: 1042.86 | X9: 1180.61 | Y9: 732.46 | Z9: 8.87 | AA9: 1.56 | AB9: 4.49 | AC9: 61.79 | AD9: 680 | AE9: 5900 | AF9: 77.13 | AG9: 0.59 | AH9: 15.78 | AI9: 64.57 | AJ9: 60 | AK9: 9 | AL9: 9 | AM9: 0.49 | AN9: 408 | AO9: 412.38 | AP9: 388777.16 | AQ9: 338776.81 | AR9: 20230124-093759_73ba74f0-c493-4a9d-a540-f7430c20f7bd | AT9: =(AP9-AQ9)/(365*24*2) -> 2.8539013
A10: 20.6 | B10: 29.12 | C10: 5515.97 | D10: 7.6 | E10: [35.19, 56.71] | F10: [19.99, 3.77] | G10: [6.95, 6.95] | H10: [5.93, 11.24] | I10: 0 | J10: 917 | K10: =IF(E10=0,0, VALUE(MID(E10,2,FIND(",",E10)-2))+ VALUE(MID(F10,2,FIND(",",F10)-2))+ VALUE(MID(G10,2,FIND(",",G10)-2)) ) -> 62.13 | L10: =IF(E10=0,0, VALUE(MID(E10,FIND(",",E10)+1,FIND("]",E10)-FIND(",",E10)-1))+ VALUE(MID(F10,FIND(",",F10)+1,FIND("]",F10)-FIND(",",F10)-1))+ VALUE(MID(G10,FIND(",",G10)+1,FIND("]",G10)-FIND(",",G10)-1)) ) -> 67.43 | M10: =(K10-L10) -> -5.3 | N10: 7.34 | O10: 88.92 | P10: 58 | Q10: 21 | R10: 8.52 | S10: 15.64 | T10: 4.96 | U10: 6.02 | V10: 3530.22 | W10: 1044.14 | X10: 1187.37 | Y10: 734.46 | Z10: 5.53 | AA10: 1.57 | AB10: 4.47 | AC10: 63.23 | AD10: 680 | AE10: 5900 | AF10: 76.94 | AG10: 0.59 | AH10: 15.34 | AI10: 41.93 | AJ10: 60 | AK10: 9 | AL10: 9 | AM10: 0.75 | AN10: 408 | AO10: 414.74 | AP10: 342397.17 | AQ10: 216253.17 | AR10: 20230124-093759_a87f9bba-c063-48b0-9805-748c97392c9e | AT10: =(AP10-AQ10)/(365*24*2) -> 7.2
A11: 19.94 | B11: 28.56 | C11: 5481.47 | D11: 7.6 | E11: [37.75, 55.52] | F11: [20.05, 3.65] | G11: [6.85, 6.85] | H11: [9.63, 11.0] | I11: 0 | J11: 941.83 | K11: =IF(E11=0,0, VALUE(MID(E11,2,FIND(",",E11)-2))+ VALUE(MID(F11,2,FIND(",",F11)-2))+ VALUE(MID(G11,2,FIND(",",G11)-2)) ) -> 64.65 | L11: =IF(E11=0,0, VALUE(MID(E11,FIND(",",E11)+1,FIND("]",E11)-FIND(",",E11)-1))+ VALUE(MID(F11,FIND(",",F11)+1,FIND("]",F11)-FIND(",",F11)-1))+ VALUE(MID(G11,FIND(",",G11)+1,FIND("]",G11)-FIND(",",G11)-1)) ) -> 66.02 | M11: =(K11-L11) -> -1.37 | N11: 7.36 | O11: 89.01 | P11: 72 | Q11: 18.2 | R11: 8.62 | S11: 14.84 | T11: 5.09 | U11: 5.82 | V11: 3508.14 | W11: 1036.87 | X11: 1171.95 | Y11: 727.85 | Z11: 5.88 | AA11: 1.54 | AB11: 4.51 | AC11: 62.87 | AD11: 680 | AE11: 5900 | AF11: 77.85 | AG11: 0.59 | AH11: 16.15 | AI11: 42.83 | AJ11: 60 | AK11: 9 | AL11: 9 | AM11: 0.73 | AN11: 408 | AO11: 414.6 | AP11: 382833.87 | AQ11: 211213.76 | AR11: 20230124-093759_27d58fd8-c9d7-41fe-ae29-27a121326add | AT11: =(AP11-AQ11)/(365*24*2) -> 9.7956684
A12: 20.22 | B12: 28.76 | C12: 5518.87 | D12: 7.6 | E12: [31.83, 37.66] | F12: [20.04, 15.33] | G12: [7.01, 7.01] | H12: [6.38, 7.5] | I12: 0 | J12: 880.22 | K12: =IF(E12=0,0, VALUE(MID(E12,2,FIND(",",E12)-2))+ VALUE(MID(F12,2,FIND(",",F12)-2))+ VALUE(MID(G12,2,FIND(",",G12)-2)) ) -> 58.88 | L12: =IF(E12=0,0, VALUE(MID(E12,FIND(",",E12)+1,FIND("]",E12)-FIND(",",E12)-1))+ VALUE(MID(F12,FIND(",",F12)+1,FIND("]",F12)-FIND(",",F12)-1))+ VALUE(MID(G12,FIND(",",G12)+1,FIND("]",G12)-FIND(",",G12)-1)) ) -> 60 | M12: =(K12-L12) -> -1.12 | N12: 7.31 | O12: 89.06 | P12: 59 | Q12: 21.2 | R12: 8.54 | S12: 15.95 | T12: 4.26 | U12: 6.27 | V12: 3532.08 | W12: 1045.69 | X12: 1199.35 | Y12: 737.61 | Z12: 7.85 | AA12: 1.56 | AB12: 4.47 | AC12: 66.72 | AD12: 680 | AE12: 5900 | AF12: 77.13 | AG12: 0.59 | AH12: 14.64 | AI12: 62.83 | AJ12: 60 | AK12: 9 | AL12: 9 | AM12: 0.5 | AN12: 408 | AO12: 412.5 | AP12: 344562.17 | AQ12: 303349.62 | AR12: 20230124-093759_bf97e8b9-d8f1-4edf-bea6-381a9adeadb3 | AT12: =(AP12-AQ12)/(365*24*2) -> 2.3523145
A13: 20.62 | B13: 29.11 | C13: 5508.85 | D13: 7.6 | E13: [33.78, 55.88] | F13: [20.17, 3.4] | G13: [7.16, 7.16] | H13: [5.74, 11.07] | I13: 0 | J13: 898.01 | K13: =IF(E13=0,0, VALUE(MID(E13,2,FIND(",",E13)-2))+ VALUE(MID(F13,2,FIND(",",F13)-2))+ VALUE(MID(G13,2,FIND(",",G13)-2)) ) -> 61.11 | L13: =IF(E13=0,0, VALUE(MID(E13,FIND(",",E13)+1,FIND("]",E13)-FIND(",",E13)-1))+ VALUE(MID(F13,FIND(",",F13)+1,FIND("]",F13)-FIND(",",F13)-1))+ VALUE(MID(G13,FIND(",",G13)+1,FIND("]",G13)-FIND(",",G13)-1)) ) -> 66.44 | M13: =(K13-L13) -> -5.33 | N13: 7.33 | O13: 89.08 | P13: 62 | Q13: 21.1 | R13: 8.49 | S13: 16.26 | T13: 4.36 | U13: 6.13 | V13: 3525.66 | W13: 1043.48 | X13: 1192.92 | Y13: 735.34 | Z13: 5.52 | AA13: 1.57 | AB13: 4.47 | AC13: 66.07 | AD13: 680 | AE13: 5900 | AF13: 76.63 | AG13: 0.59 | AH13: 14.92 | AI13: 42.56 | AJ13: 60 | AK13: 9 | AL13: 9 | AM13: 0.74 | AN13: 408 | AO13: 414.64 | AP13: 341493.41 | AQ13: 209458.68 | AR13: 20230124-093759_5e9220f6-d8db-462c-ab1f-046510eb9f5f | AT13: =(AP13-AQ13)/(365*24*2) -> 7.5362289
A14: 20.08 | B14: 28.67 | C14: 5538.31 | D14: 7.6 | E14: [40.37, 40.37] | F14: [20.09, 20.09] | G14: [7.06, 7.06] | H14: [10.0, 10.0] | I14: 0 | J14: 962.54 | K14: =IF(E14=0,0, VALUE(MID(E14,2,FIND(",",E14)-2))+ VALUE(MID(F14,2,FIND(",",F14)-2))+ VALUE(MID(G14,2,FIND(",",G14)-2)) ) -> 67.52 | L14: =IF(E14=0,0, VALUE(MID(E14,FIND(",",E14)+1,FIND("]",E14)-FIND(",",E14)-1))+ VALUE(MID(F14,FIND(",",F14)+1,FIND("]",F14)-FIND(",",F14)-1))+ VALUE(MID(G14,FIND(",",G14)+1,FIND("]",G14)-FIND(",",G14)-1)) ) -> 67.52 | M14: =(K14-L14) -> 0 | N14: 7.37 | O14: 88.83 | P14: 55 | Q14: 20.3 | R14: 8.59 | S14: 14.63 | T14: 5.45 | U14: 5.75 | V14: 3544.52 | W14: 1047.41 | X14: 1180.55 | Y14: 734.7 | Z14: 6.75 | AA14: 1.55 | AB14: 4.49 | AC14: 61.19 | AD14: 680 | AE14: 5900 | AF14: 77.56 | AG14: 0.59 | AH14: 16.32 | AI14: 47.12 | AJ14: 60 | AK14: 9 | AL14: 9 | AM14: 0.67 | AN14: 408 | AO14: 414 | AP14: 389522.74 | AQ14: 389522.74 | AR14: 20230124-093759_c3d9a479-9ca6-4a54-af09-f91d19f3bb51 | AT14: =(AP14-AQ14)/(365*24*2) -> 0
... A251: 21.76 | B251: 30.64 | C251: 5531.05 | D251: 7.6 | E251: [11.41, 30.51] | F251: [24.75, 1.72] | G251: [13.11, 13.11] | H251: [9.98, 6.05] | I251: 0 | J251: 454.09 | K251: =IF(E251=0,0, VALUE(MID(E251,2,FIND(",",E251)-2))+ VALUE(MID(F251,2,FIND(",",F251)-2))+ VALUE(MID(G251,2,FIND(",",G251)-2)) ) -> 49.27 | L251: =IF(E251=0,0, VALUE(MID(E251,FIND(",",E251)+1,FIND("]",E251)-FIND(",",E251)-1))+ VALUE(MID(F251,FIND(",",F251)+1,FIND("]",F251)-FIND(",",F251)-1))+ VALUE(MID(G251,FIND(",",G251)+1,FIND("]",G251)-FIND(",",G251)-1)) ) -> 45.34 | M251: =(K251-L251) -> 3.93 | N251: 7.1 | O251: 89.21 | P251: 87 | Q251: 19.6 | R251: 8.88 | S251: 18.01 | T251: 3.75 | U251: 12.18 | V251: 3539.87 | W251: 1086.05 | X251: 1575.24 | Y251: 838.28 | Z251: 8.15 | AA251: 1.73 | AB251: 4.15 | AC251: 70.29 | AD251: 680 | AE251: 5900 | AF251: 80.15 | AG251: 0.59 | AH251: 7.17 | AI251: 77.95 | AJ251: 60 | AK251: 9 | AL251: 9 | AM251: 0.4 | AN251: 408 | AO251: 411.63 | AP251: 426364.03 | AQ251: 120724.4 | AR251: 20230124-104213_d19a90aa-763e-4b21-946a-1049fee69e12 | AT251: =(AP251-AQ251)/(365*24*2) -> 17.445184

Sheet N3
A1: supply_temp | B1: return_temp | C1: ct_conductivity | D1: ct_ph | E1: Bore | F1: CWRO | G1: BoilerBD | H1: BD | I1: scheme | J1: mu_conductivity | K1: mu_flow(PV) | L1: mu-flow(OV) | M1: m-saving(PV-OV) | N1: mu_ph | O1: cooling_tower_level | P1: relative_humidity | Q1: ambient_temp | R1: delta_temp | S1: wetBulb_temp | T1: approach_temp | U1: cond_coc | V1: ct_tds | W1: ct_ca | X1: ct_alk | Y1: ct_chloride | Z1: flow_cycle | AA1: sat_index | AB1: sta_index | AC1: perf_index | AD1: system_vol | AE1: rec_rate | AF1: evap_loss | AG1: drift_loss | AH1: blowdown_coc | AI1: hold_time_index | AJ1: dosing_residual | AK1: dosing_contact_time | AL1: dosing_density | AM1: dosing_continuous | AN1: dosing_initial | AO1: dosing_slug | AP1: currentOperatingCost | AQ1: newOperatingCost | AR1: updatedDateTime | AS1: Date and Time | AT1: =SUM(AT2:AT251) -> 64.275469 | AU1: Total Savings
A2: 0 | B2: 0 | C2: 0 | D2: 0 | E2: 0 | F2: 0 | G2: 0 | H2: 0 | I2: 0 | J2: 0 | K2: =IF(E2=0,0, VALUE(MID(E2,2,FIND(",",E2)-2))+ VALUE(MID(F2,2,FIND(",",F2)-2))+ VALUE(MID(G2,2,FIND(",",G2)-2)) ) -> 0 | L2: =IF(E2=0,0, VALUE(MID(E2,FIND(",",E2)+1,FIND("]",E2)-FIND(",",E2)-1))+ VALUE(MID(F2,FIND(",",F2)+1,FIND("]",F2)-FIND(",",F2)-1))+ VALUE(MID(G2,FIND(",",G2)+1,FIND("]",G2)-FIND(",",G2)-1)) ) -> 0 | M2: =(K2-L2) -> 0 | N2: 0 | O2: 0 | P2: 0 | Q2: 0 | R2: 0 | S2: 0 | T2: 0 | U2: 0 | V2: 0 | W2: 0 | X2: 0 | Y2: 0 | Z2: 0 | AA2: 0 | AB2: 0 | AC2: 0 | AD2: 0 | AE2: 0 | AF2: 0 | AG2: 0 | AH2: 0 | AI2: 0 | AJ2: 0 | AK2: 0 | AL2: 0 | AM2: 0 | AN2: 0 | AO2: 0 | AP2: 0 | AQ2: 0 | AR2: 0 | AT2: =(AP2-AQ2)/(365*24*2) -> 0 | AU2: =SUM(AT2:AT251) -> 64.275469
A3: 0 | B3: 0 | C3: 0 | D3: 0 | E3: 0 | F3: 0 | G3: 0 | H3: 0 | I3: 0 | J3: 0 | K3: =IF(E3=0,0, VALUE(MID(E3,2,FIND(",",E3)-2))+ VALUE(MID(F3,2,FIND(",",F3)-2))+ VALUE(MID(G3,2,FIND(",",G3)-2)) ) -> 0 | L3: =IF(E3=0,0, VALUE(MID(E3,FIND(",",E3)+1,FIND("]",E3)-FIND(",",E3)-1))+ VALUE(MID(F3,FIND(",",F3)+1,FIND("]",F3)-FIND(",",F3)-1))+ VALUE(MID(G3,FIND(",",G3)+1,FIND("]",G3)-FIND(",",G3)-1)) ) -> 0 | M3: =(K3-L3) -> 0 | N3: 0 | O3: 0 | P3: 0 | Q3: 0 | R3: 0 | S3: 0 | T3: 0 | U3: 0 | V3: 0 | W3: 0 | X3: 0 | Y3: 0 | Z3: 0 | AA3: 0 | AB3: 0 | AC3: 0 | AD3: 0 | AE3: 0 | AF3: 0 | AG3: 0 | AH3: 0 | AI3: 0 | AJ3: 0 | AK3: 0 | AL3: 0 | AM3: 0 | AN3: 0 | AO3: 0 | AP3: 0 | AQ3: 0 | AR3: 0 | AT3: =(AP3-AQ3)/(365*24*2) -> 0
A4: 0 | B4: 0 | C4: 0 | D4: 0 | E4: 0 | F4: 0 | G4: 0 | H4: 0 | I4: 0 | J4: 0 | K4: =IF(E4=0,0, VALUE(MID(E4,2,FIND(",",E4)-2))+ VALUE(MID(F4,2,FIND(",",F4)-2))+ VALUE(MID(G4,2,FIND(",",G4)-2)) ) -> 0 | L4: =IF(E4=0,0, VALUE(MID(E4,FIND(",",E4)+1,FIND("]",E4)-FIND(",",E4)-1))+ VALUE(MID(F4,FIND(",",F4)+1,FIND("]",F4)-FIND(",",F4)-1))+ VALUE(MID(G4,FIND(",",G4)+1,FIND("]",G4)-FIND(",",G4)-1)) ) -> 0 | M4: =(K4-L4) -> 0 | N4: 0 | O4: 0 | P4: 0 | Q4: 0 | R4: 0 | S4: 0 | T4: 0 | U4: 0 | V4: 0 | W4: 0 | X4: 0 | Y4: 0 | Z4: 0 | AA4: 0 | AB4: 0 | AC4: 0 | AD4: 0 | AE4: 0 | AF4: 0 | AG4: 0 | AH4: 0 | AI4: 0 | AJ4: 0 | AK4: 0 | AL4: 0 | AM4: 0 | AN4: 0 | AO4: 0 | AP4: 0 | AQ4: 0 | AR4: 0 | AT4: =(AP4-AQ4)/(365*24*2) -> 0
A5: 0 | B5: 0 | C5: 0 | D5: 0 | E5: 0 | F5: 0 | G5: 0 | H5: 0 | I5: 0 | J5: 0 | K5: =IF(E5=0,0, VALUE(MID(E5,2,FIND(",",E5)-2))+ VALUE(MID(F5,2,FIND(",",F5)-2))+ VALUE(MID(G5,2,FIND(",",G5)-2)) ) -> 0 | L5: =IF(E5=0,0, VALUE(MID(E5,FIND(",",E5)+1,FIND("]",E5)-FIND(",",E5)-1))+ VALUE(MID(F5,FIND(",",F5)+1,FIND("]",F5)-FIND(",",F5)-1))+ VALUE(MID(G5,FIND(",",G5)+1,FIND("]",G5)-FIND(",",G5)-1)) ) -> 0 | M5: =(K5-L5) -> 0 | N5: 0 | O5: 0 | P5: 0 | Q5: 0 | R5: 0 | S5: 0 | T5: 0 | U5: 0 | V5: 0 | W5: 0 | X5: 0 | Y5: 0 | Z5: 0 | AA5: 0 | AB5: 0 | AC5: 0 | AD5: 0 | AE5: 0 | AF5: 0 | AG5: 0 | AH5: 0 | AI5: 0 | AJ5: 0 | AK5: 0 | AL5: 0 | AM5: 0 | AN5: 0 | AO5: 0 | AP5: 0 | AQ5: 0 | AR5: 0 | AT5: =(AP5-AQ5)/(365*24*2) -> 0
A6: 0 | B6: 0 | C6: 0 | D6: 0 | E6: 0 | F6: 0 | G6: 0 | H6: 0 | I6: 0 | J6: 0 | K6: =IF(E6=0,0, VALUE(MID(E6,2,FIND(",",E6)-2))+ VALUE(MID(F6,2,FIND(",",F6)-2))+ VALUE(MID(G6,2,FIND(",",G6)-2)) ) -> 0 | L6: =IF(E6=0,0, VALUE(MID(E6,FIND(",",E6)+1,FIND("]",E6)-FIND(",",E6)-1))+ VALUE(MID(F6,FIND(",",F6)+1,FIND("]",F6)-FIND(",",F6)-1))+ VALUE(MID(G6,FIND(",",G6)+1,FIND("]",G6)-FIND(",",G6)-1)) ) -> 0 | M6: =(K6-L6) -> 0 | N6: 0 | O6: 0 | P6: 0 | Q6: 0 | R6: 0 | S6: 0 | T6: 0 | U6: 0 | V6: 0 | W6: 0 | X6: 0 | Y6: 0 | Z6: 0 | AA6: 0 | AB6: 0 | AC6: 0 | AD6: 0 | AE6: 0 | AF6: 0 | AG6: 0 | AH6: 0 | AI6: 0 | AJ6: 0 | AK6: 0 | AL6: 0 | AM6: 0 | AN6: 0 | AO6: 0 | AP6: 0 | AQ6: 0 | AR6: 0 | AT6: =(AP6-AQ6)/(365*24*2) -> 0
A7: 0 | B7: 0 | C7: 0 | D7: 0 | E7: 0 | F7: 0 | G7: 0 | H7: 0 | I7: 0 | J7: 0 | K7: =IF(E7=0,0, VALUE(MID(E7,2,FIND(",",E7)-2))+ VALUE(MID(F7,2,FIND(",",F7)-2))+ VALUE(MID(G7,2,FIND(",",G7)-2)) ) -> 0 | L7: =IF(E7=0,0, VALUE(MID(E7,FIND(",",E7)+1,FIND("]",E7)-FIND(",",E7)-1))+ VALUE(MID(F7,FIND(",",F7)+1,FIND("]",F7)-FIND(",",F7)-1))+ VALUE(MID(G7,FIND(",",G7)+1,FIND("]",G7)-FIND(",",G7)-1)) ) -> 0 | M7: =(K7-L7) -> 0 | N7: 0 | O7: 0 | P7: 0 | Q7: 0 | R7: 0 | S7: 0 | T7: 0 | U7: 0 | V7: 0 | W7: 0 | X7: 0 | Y7: 0 | Z7: 0 | AA7: 0 | AB7: 0 | AC7: 0 | AD7: 0 | AE7: 0 | AF7: 0 | AG7: 0 | AH7: 0 | AI7: 0 | AJ7: 0 | AK7: 0 | AL7: 0 | AM7: 0 | AN7: 0 | AO7: 0 | AP7: 0 | AQ7: 0 | AR7: 0 | AT7: =(AP7-AQ7)/(365*24*2) -> 0
A8: 0 | B8: 0 | C8: 0 | D8: 0 | E8: 0 | F8: 0 | G8: 0 | H8: 0 | I8: 0 | J8: 0 | K8: =IF(E8=0,0, VALUE(MID(E8,2,FIND(",",E8)-2))+ VALUE(MID(F8,2,FIND(",",F8)-2))+ VALUE(MID(G8,2,FIND(",",G8)-2)) ) -> 0 | L8: =IF(E8=0,0, VALUE(MID(E8,FIND(",",E8)+1,FIND("]",E8)-FIND(",",E8)-1))+ VALUE(MID(F8,FIND(",",F8)+1,FIND("]",F8)-FIND(",",F8)-1))+ VALUE(MID(G8,FIND(",",G8)+1,FIND("]",G8)-FIND(",",G8)-1)) ) -> 0 | M8: =(K8-L8) -> 0 | N8: 0 | O8: 0 | P8: 0 | Q8: 0 | R8: 0 | S8: 0 | T8: 0 | U8: 0 | V8: 0 | W8: 0 | X8: 0 | Y8: 0 | Z8: 0 | AA8: 0 | AB8: 0 | AC8: 0 | AD8: 0 | AE8: 0 | AF8: 0 | AG8: 0 | AH8: 0 | AI8: 0 | AJ8: 0 | AK8: 0 | AL8: 0 | AM8: 0 | AN8: 0 | AO8: 0 | AP8: 0 | AQ8: 0 | AR8: 0 | AT8: =(AP8-AQ8)/(365*24*2) -> 0
A9: 0 | B9: 0 | C9: 0 | D9: 0 | E9: 0 | F9: 0 | G9: 0 | H9: 0 | I9: 0 | J9: 0 | K9: =IF(E9=0,0, VALUE(MID(E9,2,FIND(",",E9)-2))+ VALUE(MID(F9,2,FIND(",",F9)-2))+ VALUE(MID(G9,2,FIND(",",G9)-2)) ) -> 0 | L9: =IF(E9=0,0, VALUE(MID(E9,FIND(",",E9)+1,FIND("]",E9)-FIND(",",E9)-1))+ VALUE(MID(F9,FIND(",",F9)+1,FIND("]",F9)-FIND(",",F9)-1))+ VALUE(MID(G9,FIND(",",G9)+1,FIND("]",G9)-FIND(",",G9)-1)) ) -> 0 | M9: =(K9-L9) -> 0 | N9: 0 | O9: 0 | P9: 0 | Q9: 0 | R9: 0 | S9: 0 | T9: 0 | U9: 0 | V9: 0 | W9: 0 | X9: 0 | Y9: 0 | Z9: 0 | AA9: 0 | AB9: 0 | AC9: 0 | AD9: 0 | AE9: 0 | AF9: 0 | AG9: 0 | AH9: 0 | AI9: 0 | AJ9: 0 | AK9: 0 | AL9: 0 | AM9: 0 | AN9: 0 | AO9: 0 | AP9: 0 | AQ9: 0 | AR9: 0 | AT9: =(AP9-AQ9)/(365*24*2) -> 0
A10: 0 | B10: 0 | C10: 0 | D10: 0 | E10: 0 | F10: 0 | G10: 0 | H10: 0 | I10: 0 | J10: 0 | K10: =IF(E10=0,0, VALUE(MID(E10,2,FIND(",",E10)-2))+ VALUE(MID(F10,2,FIND(",",F10)-2))+ VALUE(MID(G10,2,FIND(",",G10)-2)) ) -> 0 | L10: =IF(E10=0,0, VALUE(MID(E10,FIND(",",E10)+1,FIND("]",E10)-FIND(",",E10)-1))+ VALUE(MID(F10,FIND(",",F10)+1,FIND("]",F10)-FIND(",",F10)-1))+ VALUE(MID(G10,FIND(",",G10)+1,FIND("]",G10)-FIND(",",G10)-1)) ) -> 0 | M10: =(K10-L10) -> 0 | N10: 0 | O10: 0 | P10: 0 | Q10: 0 | R10: 0 | S10: 0 | T10: 0 | U10: 0 | V10: 0 | W10: 0 | X10: 0 | Y10: 0 | Z10: 0 | AA10: 0 | AB10: 0 | AC10: 0 | AD10: 0 | AE10: 0 | AF10: 0 | AG10: 0 | AH10: 0 | AI10: 0 | AJ10: 0 | AK10: 0 | AL10: 0 | AM10: 0 | AN10: 0 | AO10: 0 | AP10: 0 | AQ10: 0 | AR10: 0 | AT10: =(AP10-AQ10)/(365*24*2) -> 0
A11: 0 | B11: 0 | C11: 0 | D11: 0 | E11: 0 | F11: 0 | G11: 0 | H11: 0 | I11: 0 | J11: 0 | K11: =IF(E11=0,0, VALUE(MID(E11,2,FIND(",",E11)-2))+ VALUE(MID(F11,2,FIND(",",F11)-2))+ VALUE(MID(G11,2,FIND(",",G11)-2)) ) -> 0 | L11: =IF(E11=0,0, VALUE(MID(E11,FIND(",",E11)+1,FIND("]",E11)-FIND(",",E11)-1))+ VALUE(MID(F11,FIND(",",F11)+1,FIND("]",F11)-FIND(",",F11)-1))+ VALUE(MID(G11,FIND(",",G11)+1,FIND("]",G11)-FIND(",",G11)-1)) ) -> 0 | M11: =(K11-L11) -> 0 | N11: 0 | O11: 0 | P11: 0 | Q11: 0 | R11: 0 | S11: 0 | T11: 0 | U11: 0 | V11: 0 | W11: 0 | X11: 0 | Y11: 0 | Z11: 0 | AA11: 0 | AB11: 0 | AC11: 0 | AD11: 0 | AE11: 0 | AF11: 0 | AG11: 0 | AH11: 0 | AI11: 0 | AJ11: 0 | AK11: 0 | AL11: 0 | AM11: 0 | AN11: 0 | AO11: 0 | AP11: 0 | AQ11: 0 | AR11: 0 | AT11: =(AP11-AQ11)/(365*24*2) -> 0
A12: 0 | B12: 0 | C12: 0 | D12: 0 | E12: 0 | F12: 0 | G12: 0 | H12: 0 | I12: 0 | J12: 0 | K12: =IF(E12=0,0, VALUE(MID(E12,2,FIND(",",E12)-2))+ VALUE(MID(F12,2,FIND(",",F12)-2))+ VALUE(MID(G12,2,FIND(",",G12)-2)) ) -> 0 | L12: =IF(E12=0,0, VALUE(MID(E12,FIND(",",E12)+1,FIND("]",E12)-FIND(",",E12)-1))+ VALUE(MID(F12,FIND(",",F12)+1,FIND("]",F12)-FIND(",",F12)-1))+ VALUE(MID(G12,FIND(",",G12)+1,FIND("]",G12)-FIND(",",G12)-1)) ) -> 0 | M12: =(K12-L12) -> 0 | N12: 0 | O12: 0 | P12: 0 | Q12: 0 | R12: 0 | S12: 0 | T12: 0 | U12: 0 | V12: 0 | W12: 0 | X12: 0 | Y12: 0 | Z12: 0 | AA12: 0 | AB12: 0 | AC12: 0 | AD12: 0 | AE12: 0 | AF12: 0 | AG12: 0 | AH12: 0 | AI12: 0 | AJ12: 0 | AK12: 0 | AL12: 0 | AM12: 0 | AN12: 0 | AO12: 0 | AP12: 0 | AQ12: 0 | AR12: 0 | AT12: =(AP12-AQ12)/(365*24*2) -> 0
A13: 0 | B13: 0 | C13: 0 | D13: 0 | E13: 0 | F13: 0 | G13: 0 | H13: 0 | I13: 0 | J13: 0 | K13: =IF(E13=0,0, VALUE(MID(E13,2,FIND(",",E13)-2))+ VALUE(MID(F13,2,FIND(",",F13)-2))+ VALUE(MID(G13,2,FIND(",",G13)-2)) ) -> 0 | L13: =IF(E13=0,0, VALUE(MID(E13,FIND(",",E13)+1,FIND("]",E13)-FIND(",",E13)-1))+ VALUE(MID(F13,FIND(",",F13)+1,FIND("]",F13)-FIND(",",F13)-1))+ VALUE(MID(G13,FIND(",",G13)+1,FIND("]",G13)-FIND(",",G13)-1)) ) -> 0 | M13: =(K13-L13) -> 0 | N13: 0 | O13: 0 | P13: 0 | Q13: 0 | R13: 0 | S13: 0 | T13: 0 | U13: 0 | V13: 0 | W13: 0 | X13: 0 | Y13: 0 | Z13: 0 | AA13: 0 | AB13: 0 | AC13: 0 | AD13: 0 | AE13: 0 | AF13: 0 | AG13: 0 | AH13: 0 | AI13: 0 | AJ13: 0 | AK13: 0 | AL13: 0 | AM13: 0 | AN13: 0 | AO13: 0 | AP13: 0 | AQ13: 0 | AR13: 0 | AT13: =(AP13-AQ13)/(365*24*2) -> 0
A14: 0 | B14: 0 | C14: 0 | D14: 0 | E14: 0 | F14: 0 | G14: 0 | H14: 0 | I14: 0 | J14: 0 | K14: =IF(E14=0,0, VALUE(MID(E14,2,FIND(",",E14)-2))+ VALUE(MID(F14,2,FIND(",",F14)-2))+ VALUE(MID(G14,2,FIND(",",G14)-2)) ) -> 0 | L14: =IF(E14=0,0, VALUE(MID(E14,FIND(",",E14)+1,FIND("]",E14)-FIND(",",E14)-1))+ VALUE(MID(F14,FIND(",",F14)+1,FIND("]",F14)-FIND(",",F14)-1))+ VALUE(MID(G14,FIND(",",G14)+1,FIND("]",G14)-FIND(",",G14)-1)) ) -> 0 | M14: =(K14-L14) -> 0 | N14: 0 | O14: 0 | P14: 0 | Q14: 0 | R14: 0 | S14: 0 | T14: 0 | U14: 0 | V14: 0 | W14: 0 | X14: 0 | Y14: 0 | Z14: 0 | AA14: 0 | AB14: 0 | AC14: 0 | AD14: 0 | AE14: 0 | AF14: 0 | AG14: 0 | AH14: 0 | AI14: 0 | AJ14: 0 | AK14: 0 | AL14: 0 | AM14: 0 | AN14: 0 | AO14: 0 | AP14: 0 | AQ14: 0 | AR14: 0 | AT14: =(AP14-AQ14)/(365*24*2) -> 0
... A166: 0 | B166: 0 | C166: 0 | D166: 0 | E166: 0 | F166: 0 | G166: 0 | H166: 0 | I166: 0 | J166: 0 | K166: =IF(E166=0,0, VALUE(MID(E166,2,FIND(",",E166)-2))+ VALUE(MID(F166,2,FIND(",",F166)-2))+ VALUE(MID(G166,2,FIND(",",G166)-2)) ) -> 0 | L166: =IF(E166=0,0, VALUE(MID(E166,FIND(",",E166)+1,FIND("]",E166)-FIND(",",E166)-1))+ VALUE(MID(F166,FIND(",",F166)+1,FIND("]",F166)-FIND(",",F166)-1))+ VALUE(MID(G166,FIND(",",G166)+1,FIND("]",G166)-FIND(",",G166)-1)) ) -> 0 | M166: =(K166-L166) -> 0 | N166: 0 | O166: 0 | P166: 0 | Q166: 0 | R166: 0 | S166: 0 | T166: 0 | U166: 0 | V166: 0 | W166: 0 | X166: 0 | Y166: 0 | Z166: 0 | AA166: 0 | AB166: 0 | AC166: 0 | AD166: 0 | AE166: 0 | AF166: 0 | AG166: 0 | AH166: 0 | AI166: 0 | AJ166: 0 | AK166: 0 | AL166: 0 | AM166: 0 | AN166: 0 | AO166: 0 | AP166: 0 | AQ166: 0 | AR166: 0 | AT166: =(AP166-AQ166)/(365*24*2) -> 0
A167: 18.93 | B167: 27.16 | C167: 4755 | D167: 7.56 | E167: [28.76, 28.76] | F167: [20.05, 20.05] | G167: [7.64, 7.64] | H167: [2.0, 2.0] | I167: 0 | J167: 837.5 | K167: =IF(E167=0,0, VALUE(MID(E167,2,FIND(",",E167)-2))+ VALUE(MID(F167,2,FIND(",",F167)-2))+ VALUE(MID(G167,2,FIND(",",G167)-2)) ) -> 56.45 | L167: =IF(E167=0,0, VALUE(MID(E167,FIND(",",E167)+1,FIND("]",E167)-FIND(",",E167)-1))+ VALUE(MID(F167,FIND(",",F167)+1,FIND("]",F167)-FIND(",",F167)-1))+ VALUE(MID(G167,FIND(",",G167)+1,FIND("]",G167)-FIND(",",G167)-1)) ) -> 56.45 | M167: =(K167-L167) -> 0 | N167: 7.29 | O167: 82.15 | P167: 42 | Q167: 21.2 | R167: 8.23 | S167: 13.59 | T167: 5.34 | U167: 5.68 | V167: 3043.2 | W167: 902.9 | X167: 1052.02 | Y167: 640.54 | Z167: 28.22 | AA167: 1.39 | AB167: 4.79 | AC167: 60.65 | AD167: 680 | AE167: 5900 | AF167: 74.32 | AG167: 0.59 | AH167: 15.89 | AI167: 235.54 | AJ167: 60 | AK167: 9 | AL167: 9 | AM167: 0.13 | AN167: 408 | AO167: 409.2 | AP167: 298167.74 | AQ167: 298167.74 | AR167: 20230124-102053_9122f2a7-e3a8-4ba7-9812-f9126d983f08 | AT167: =(AP167-AQ167)/(365*24*2) -> 0
A168: 0 | B168: 0 | C168: 0 | D168: 0 | E168: 0 | F168: 0 | G168: 0 | H168: 0 | I168: 0 | J168: 0 | K168: =IF(E168=0,0, VALUE(MID(E168,2,FIND(",",E168)-2))+ VALUE(MID(F168,2,FIND(",",F168)-2))+ VALUE(MID(G168,2,FIND(",",G168)-2)) ) -> 0 | L168: =IF(E168=0,0, VALUE(MID(E168,FIND(",",E168)+1,FIND("]",E168)-FIND(",",E168)-1))+ VALUE(MID(F168,FIND(",",F168)+1,FIND("]",F168)-FIND(",",F168)-1))+ VALUE(MID(G168,FIND(",",G168)+1,FIND("]",G168)-FIND(",",G168)-1)) ) -> 0 | M168: =(K168-L168) -> 0 | N168: 0 | O168: 0 | P168: 0 | Q168: 0 | R168: 0 | S168: 0 | T168: 0 | U168: 0 | V168: 0 | W168: 0 | X168: 0 | Y168: 0 | Z168: 0 | AA168: 0 | AB168: 0 | AC168: 0 | AD168: 0 | AE168: 0 | AF168: 0 | AG168: 0 | AH168: 0 | AI168: 0 | AJ168: 0 | AK168: 0 | AL168: 0 | AM168: 0 | AN168: 0 | AO168: 0 | AP168: 0 | AQ168: 0 | AR168: 0 | AT168: =(AP168-AQ168)/(365*24*2) -> 0
A169: 0 | B169: 0 | C169: 0 | D169: 0 | E169: 0 | F169: 0 | G169: 0 | H169: 0 | I169: 0 | J169: 0 | K169: =IF(E169=0,0, VALUE(MID(E169,2,FIND(",",E169)-2))+ VALUE(MID(F169,2,FIND(",",F169)-2))+ VALUE(MID(G169,2,FIND(",",G169)-2)) ) -> 0 | L169: =IF(E169=0,0, VALUE(MID(E169,FIND(",",E169)+1,FIND("]",E169)-FIND(",",E169)-1))+ VALUE(MID(F169,FIND(",",F169)+1,FIND("]",F169)-FIND(",",F169)-1))+ VALUE(MID(G169,FIND(",",G169)+1,FIND("]",G169)-FIND(",",G169)-1)) ) -> 0 | M169: =(K169-L169) -> 0 | N169: 0 | O169: 0 | P169: 0 | Q169: 0 | R169: 0 | S169: 0 | T169: 0 | U169: 0 | V169: 0 | W169: 0 | X169: 0 | Y169: 0 | Z169: 0 | AA169: 0 | AB169: 0 | AC169: 0 | AD169: 0 | AE169: 0 | AF169: 0 | AG169: 0 | AH169: 0 | AI169: 0 | AJ169: 0 | AK169: 0 | AL169: 0 | AM169: 0 | AN169: 0 | AO169: 0 | AP169: 0 | AQ169: 0 | AR169: 0 | AT169: =(AP169-AQ169)/(365*24*2) -> 0
A170: 0 | B170: 0 | C170: 0 | D170: 0 | E170: 0 | F170: 0 | G170: 0 | H170: 0 | I170: 0 | J170: 0 | K170: =IF(E170=0,0, VALUE(MID(E170,2,FIND(",",E170)-2))+ VALUE(MID(F170,2,FIND(",",F170)-2))+ VALUE(MID(G170,2,FIND(",",G170)-2)) ) -> 0 | L170: =IF(E170=0,0, VALUE(MID(E170,FIND(",",E170)+1,FIND("]",E170)-FIND(",",E170)-1))+ VALUE(MID(F170,FIND(",",F170)+1,FIND("]",F170)-FIND(",",F170)-1))+ VALUE(MID(G170,FIND(",",G170)+1,FIND("]",G170)-FIND(",",G170)-1)) ) -> 0 | M170: =(K170-L170) -> 0 | N170: 0 | O170: 0 | P170: 0 | Q170: 0 | R170: 0 | S170: 0 | T170: 0 | U170: 0 | V170: 0 | W170: 0 | X170: 0 | Y170: 0 | Z170: 0 | AA170: 0 | AB170: 0 | AC170: 0 | AD170: 0 | AE170: 0 | AF170: 0 | AG170: 0 | AH170: 0 | AI170: 0 | AJ170: 0 | AK170: 0 | AL170: 0 | AM170: 0 | AN170: 0 | AO170: 0 | AP170: 0 | AQ170: 0 | AR170: 0 | AT170: =(AP170-AQ170)/(365*24*2) -> 0
A171: 0 | B171: 0 | C171: 0 | D171: 0 | E171: 0 | F171: 0 | G171: 0 | H171: 0 | I171: 0 | J171: 0 | K171: =IF(E171=0,0, VALUE(MID(E171,2,FIND(",",E171)-2))+ VALUE(MID(F171,2,FIND(",",F171)-2))+ VALUE(MID(G171,2,FIND(",",G171)-2)) ) -> 0 | L171: =IF(E171=0,0, VALUE(MID(E171,FIND(",",E171)+1,FIND("]",E171)-FIND(",",E171)-1))+ VALUE(MID(F171,FIND(",",F171)+1,FIND("]",F171)-FIND(",",F171)-1))+ VALUE(MID(G171,FIND(",",G171)+1,FIND("]",G171)-FIND(",",G171)-1)) ) -> 0 | M171: =(K171-L171) -> 0 | N171: 0 | O171: 0 | P171: 0 | Q171: 0 | R171: 0 | S171: 0 | T171: 0 | U171: 0 | V171: 0 | W171: 0 | X171: 0 | Y171: 0 | Z171: 0 | AA171: 0 | AB171: 0 | AC171: 0 | AD171: 0 | AE171: 0 | AF171: 0 | AG171: 0 | AH171: 0 | AI171: 0 | AJ171: 0 | AK171: 0 | AL171: 0 | AM171: 0 | AN171: 0 | AO171: 0 | AP171: 0 | AQ171: 0 | AR171: 0 | AT171: =(AP171-AQ171)/(365*24*2) -> 0
A172: 0 | B172: 0 | C172: 0 | D172: 0 | E172: 0 | F172: 0 | G172: 0 | H172: 0 | I172: 0 | J172: 0 | K172: =IF(E172=0,0, VALUE(MID(E172,2,FIND(",",E172)-2))+ VALUE(MID(F172,2,FIND(",",F172)-2))+ VALUE(MID(G172,2,FIND(",",G172)-2)) ) -> 0 | L172: =IF(E172=0,0, VALUE(MID(E172,FIND(",",E172)+1,FIND("]",E172)-FIND(",",E172)-1))+ VALUE(MID(F172,FIND(",",F172)+1,FIND("]",F172)-FIND(",",F172)-1))+ VALUE(MID(G172,FIND(",",G172)+1,FIND("]",G172)-FIND(",",G172)-1)) ) -> 0 | M172: =(K172-L172) -> 0 | N172: 0 | O172: 0 | P172: 0 | Q172: 0 | R172: 0 | S172: 0 | T172: 0 | U172: 0 | V172: 0 | W172: 0 | X172: 0 | Y172: 0 | Z172: 0 | AA172: 0 | AB172: 0 | AC172: 0 | AD172: 0 | AE172: 0 | AF172: 0 | AG172: 0 | AH172: 0 | AI172: 0 | AJ172: 0 | AK172: 0 | AL172: 0 | AM172: 0 | AN172: 0 | AO172: 0 | AP172: 0 | AQ172: 0 | AR172: 0 | AT172: =(AP172-AQ172)/(365*24*2) -> 0
A173: 0 | B173: 0 | C173: 0 | D173: 0 | E173: 0 | F173: 0 | G173: 0 | H173: 0 | I173: 0 | J173: 0 | K173: =IF(E173=0,0, VALUE(MID(E173,2,FIND(",",E173)-2))+ VALUE(MID(F173,2,FIND(",",F173)-2))+ VALUE(MID(G173,2,FIND(",",G173)-2)) ) -> 0 | L173: =IF(E173=0,0, VALUE(MID(E173,FIND(",",E173)+1,FIND("]",E173)-FIND(",",E173)-1))+ VALUE(MID(F173,FIND(",",F173)+1,FIND("]",F173)-FIND(",",F173)-1))+ VALUE(MID(G173,FIND(",",G173)+1,FIND("]",G173)-FIND(",",G173)-1)) ) -> 0 | M173: =(K173-L173) -> 0 | N173: 0 | O173: 0 | P173: 0 | Q173: 0 | R173: 0 | S173: 0 | T173: 0 | U173: 0 | V173: 0 | W173: 0 | X173: 0 | Y173: 0 | Z173: 0 | AA173: 0 | AB173: 0 | AC173: 0 | AD173: 0 | AE173: 0 | AF173: 0 | AG173: 0 | AH173: 0 | AI173: 0 | AJ173: 0 | AK173: 0 | AL173: 0 | AM173: 0 | AN173: 0 | AO173: 0 | AP173: 0 | AQ173: 0 | AR173: 0 | AT173: =(AP173-AQ173)/(365*24*2) -> 0
A174: 0 | B174: 0 | C174: 0 | D174: 0 | E174: 0 | F174: 0 | G174: 0 | H174: 0 | I174: 0 | J174: 0 | K174: =IF(E174=0,0, VALUE(MID(E174,2,FIND(",",E174)-2))+ VALUE(MID(F174,2,FIND(",",F174)-2))+ VALUE(MID(G174,2,FIND(",",G174)-2)) ) -> 0 | L174: =IF(E174=0,0, VALUE(MID(E174,FIND(",",E174)+1,FIND("]",E174)-FIND(",",E174)-1))+ VALUE(MID(F174,FIND(",",F174)+1,FIND("]",F174)-FIND(",",F174)-1))+ VALUE(MID(G174,FIND(",",G174)+1,FIND("]",G174)-FIND(",",G174)-1)) ) -> 0 | M174: =(K174-L174) -> 0 | N174: 0 | O174: 0 | P174: 0 | Q174: 0 | R174: 0 | S174: 0 | T174: 0 | U174: 0 | V174: 0 | W174: 0 | X174: 0 | Y174: 0 | Z174: 0 | AA174: 0 | AB174: 0 | AC174: 0 | AD174: 0 | AE174: 0 | AF174: 0 | AG174: 0 | AH174: 0 | AI174: 0 | AJ174: 0 | AK174: 0 | AL174: 0 | AM174: 0 | AN174: 0 | AO174: 0 | AP174: 0 | AQ174: 0 | AR174: 0 | AT174: =(AP174-AQ174)/(365*24*2) -> 0
A175: 0 | B175: 0 | C175: 0 | D175: 0 | E175: 0 | F175: 0 | G175: 0 | H175: 0 | I175: 0 | J175: 0 | K175: =IF(E175=0,0, VALUE(MID(E175,2,FIND(",",E175)-2))+ VALUE(MID(F175,2,FIND(",",F175)-2))+ VALUE(MID(G175,2,FIND(",",G175)-2)) ) -> 0 | L175: =IF(E175=0,0, VALUE(MID(E175,FIND(",",E175)+1,FIND("]",E175)-FIND(",",E175)-1))+ VALUE(MID(F175,FIND(",",F175)+1,FIND("]",F175)-FIND(",",F175)-1))+ VALUE(MID(G175,FIND(",",G175)+1,FIND("]",G175)-FIND(",",G175)-1)) ) -> 0 | M175: =(K175-L175) -> 0 | N175: 0 | O175: 0 | P175: 0 | Q175: 0 | R175: 0 | S175: 0 | T175: 0 | U175: 0 | V175: 0 | W175: 0 | X175: 0 | Y175: 0 | Z175: 0 | AA175: 0 | AB175: 0 | AC175: 0 | AD175: 0 | AE175: 0 | AF175: 0 | AG175: 0 | AH175: 0 | AI175: 0 | AJ175: 0 | AK175: 0 | AL175: 0 | AM175: 0 | AN175: 0 | AO175: 0 | AP175: 0 | AQ175: 0 | AR175: 0 | AT175: =(AP175-AQ175)/(365*24*2) -> 0
A176: 0 | B176: 0 | C176: 0 | D176: 0 | E176: 0 | F176: 0 | G176: 0 | H176: 0 | I176: 0 | J176: 0 | K176: =IF(E176=0,0, VALUE(MID(E176,2,FIND(",",E176)-2))+ VALUE(MID(F176,2,FIND(",",F176)-2))+ VALUE(MID(G176,2,FIND(",",G176)-2)) ) -> 0 | L176: =IF(E176=0,0, VALUE(MID(E176,FIND(",",E176)+1,FIND("]",E176)-FIND(",",E176)-1))+ VALUE(MID(F176,FIND(",",F176)+1,FIND("]",F176)-FIND(",",F176)-1))+ VALUE(MID(G176,FIND(",",G176)+1,FIND("]",G176)-FIND(",",G176)-1)) ) -> 0 | M176: =(K176-L176) -> 0 | N176: 0 | O176: 0 | P176: 0 | Q176: 0 | R176: 0 | S176: 0 | T176: 0 | U176: 0 | V176: 0 | W176: 0 | X176: 0 | Y176: 0 | Z176: 0 | AA176: 0 | AB176: 0 | AC176: 0 | AD176: 0 | AE176: 0 | AF176: 0 | AG176: 0 | AH176: 0 | AI176: 0 | AJ176: 0 | AK176: 0 | AL176: 0 | AM176: 0 | AN176: 0 | AO176: 0 | AP176: 0 | AQ176: 0 | AR176: 0 | AT176: =(AP176-AQ176)/(365*24*2) -> 0
A177: 0 | B177: 0 | C177: 0 | D177: 0 | E177: 0 | F177: 0 | G177: 0 | H177: 0 | I177: 0 | J177: 0 | K177: =IF(E177=0,0, VALUE(MID(E177,2,FIND(",",E177)-2))+ VALUE(MID(F177,2,FIND(",",F177)-2))+ VALUE(MID(G177,2,FIND(",",G177)-2)) ) -> 0 | L177: =IF(E177=0,0, VALUE(MID(E177,FIND(",",E177)+1,FIND("]",E177)-FIND(",",E177)-1))+ VALUE(MID(F177,FIND(",",F177)+1,FIND("]",F177)-FIND(",",F177)-1))+ VALUE(MID(G177,FIND(",",G177)+1,FIND("]",G177)-FIND(",",G177)-1)) ) -> 0 | M177: =(K177-L177) -> 0 | N177: 0 | O177: 0 | P177: 0 | Q177: 0 | R177: 0 | S177: 0 | T177: 0 | U177: 0 | V177: 0 | W177: 0 | X177: 0 | Y177: 0 | Z177: 0 | AA177: 0 | AB177: 0 | AC177: 0 | AD177: 0 | AE177: 0 | AF177: 0 | AG177: 0 | AH177: 0 | AI177: 0 | AJ177: 0 | AK177: 0 | AL177: 0 | AM177: 0 | AN177: 0 | AO177: 0 | AP177: 0 | AQ177: 0 | AR177: 0 | AT177: =(AP177-AQ177)/(365*24*2) -> 0
A178: 0 | B178: 0 | C178: 0 | D178: 0 | E178: 0 | F178: 0 | G178: 0 | H178: 0 | I178: 0 | J178: 0 | K178: =IF(E178=0,0, VALUE(MID(E178,2,FIND(",",E178)-2))+ VALUE(MID(F178,2,FIND(",",F178)-2))+ VALUE(MID(G178,2,FIND(",",G178)-2)) ) -> 0 | L178: =IF(E178=0,0, VALUE(MID(E178,FIND(",",E178)+1,FIND("]",E178)-FIND(",",E178)-1))+ VALUE(MID(F178,FIND(",",F178)+1,FIND("]",F178)-FIND(",",F178)-1))+ VALUE(MID(G178,FIND(",",G178)+1,FIND("]",G178)-FIND(",",G178)-1)) ) -> 0 | M178: =(K178-L178) -> 0 | N178: 0 | O178: 0 | P178: 0 | Q178: 0 | R178: 0 | S178: 0 | T178: 0 | U178: 0 | V178: 0 | W178: 0 | X178: 0 | Y178: 0 | Z178: 0 | AA178: 0 | AB178: 0 | AC178: 0 | AD178: 0 | AE178: 0 | AF178: 0 | AG178: 0 | AH178: 0 | AI178: 0 | AJ178: 0 | AK178: 0 | AL178: 0 | AM178: 0 | AN178: 0 | AO178: 0 | AP178: 0 | AQ178: 0 | AR178: 0 | AT178: =(AP178-AQ178)/(365*24*2) -> 0
A179: 0 | B179: 0 | C179: 0 | D179: 0 | E179: 0 | F179: 0 | G179: 0 | H179: 0 | I179: 0 | J179: 0 | K179: =IF(E179=0,0, VALUE(MID(E179,2,FIND(",",E179)-2))+ VALUE(MID(F179,2,FIND(",",F179)-2))+ VALUE(MID(G179,2,FIND(",",G179)-2)) ) -> 0 | L179: =IF(E179=0,0, VALUE(MID(E179,FIND(",",E179)+1,FIND("]",E179)-FIND(",",E179)-1))+ VALUE(MID(F179,FIND(",",F179)+1,FIND("]",F179)-FIND(",",F179)-1))+ VALUE(MID(G179,FIND(",",G179)+1,FIND("]",G179)-FIND(",",G179)-1)) ) -> 0 | M179: =(K179-L179) -> 0 | N179: 0 | O179: 0 | P179: 0 | Q179: 0 | R179: 0 | S179: 0 | T179: 0 | U179: 0 | V179: 0 | W179: 0 | X179: 0 | Y179: 0 | Z179: 0 | AA179: 0 | AB179: 0 | AC179: 0 | AD179: 0 | AE179: 0 | AF179: 0 | AG179: 0 | AH179: 0 | AI179: 0 | AJ179: 0 | AK179: 0 | AL179: 0 | AM179: 0 | AN179: 0 | AO179: 0 | AP179: 0 | AQ179: 0 | AR179: 0 | AT179: =(AP179-AQ179)/(365*24*2) -> 0
... A181: 0 | B181: 0 | C181: 0 | D181: 0 | E181: 0 | F181: 0 | G181: 0 | H181: 0 | I181: 0 | J181: 0 | K181: =IF(E181=0,0, VALUE(MID(E181,2,FIND(",",E181)-2))+ VALUE(MID(F181,2,FIND(",",F181)-2))+ VALUE(MID(G181,2,FIND(",",G181)-2)) ) -> 0 | L181: =IF(E181=0,0, VALUE(MID(E181,FIND(",",E181)+1,FIND("]",E181)-FIND(",",E181)-1))+ VALUE(MID(F181,FIND(",",F181)+1,FIND("]",F181)-FIND(",",F181)-1))+ VALUE(MID(G181,FIND(",",G181)+1,FIND("]",G181)-FIND(",",G181)-1)) ) -> 0 | M181: =(K181-L181) -> 0 | N181: 0 | O181: 0 | P181: 0 | Q181: 0 | R181: 0 | S181: 0 | T181: 0 | U181: 0 | V181: 0 | W181: 0 | X181: 0 | Y181: 0 | Z181: 0 | AA181: 0 | AB181: 0 | AC181: 0 | AD181: 0 | AE181: 0 | AF181: 0 | AG181: 0 | AH181: 0 | AI181: 0 | AJ181: 0 | AK181: 0 | AL181: 0 | AM181: 0 | AN181: 0 | AO181: 0 | AP181: 0 | AQ181: 0 | AR181: 0 | AT181: =(AP181-AQ181)/(365*24*2) -> 0
A182: 20.18 | B182: 28.02 | C182: 4786.1 | D182: 7.55 | E182: [31.34, 31.34] | F182: [20.04, 20.04] | G182: [7.59, 7.59] | H182: [2.0, 2.0] | I182: 0 | J182: 868.89 | K182: =IF(E182=0,0, VALUE(MID(E182,2,FIND(",",E182)-2))+ VALUE(MID(F182,2,FIND(",",F182)-2))+ VALUE(MID(G182,2,FIND(",",G182)-2)) ) -> 58.97 | L182: =IF(E182=0,0, VALUE(MID(E182,FIND(",",E182)+1,FIND("]",E182)-FIND(",",E182)-1))+ VALUE(MID(F182,FIND(",",F182)+1,FIND("]",F182)-FIND(",",F182)-1))+ VALUE(MID(G182,FIND(",",G182)+1,FIND("]",G182)-FIND(",",G182)-1)) ) -> 58.97 | M182: =(K182-L182) -> 0 | N182: 7.32 | O182: 81.97 | P182: 38 | Q182: 25 | R182: 7.84 | S182: 16.04 | T182: 4.14 | U182: 5.51 | V182: 3063.1 | W182: 907.9 | X182: 1048.94 | Y182: 642.26 | Z182: 29.44 | AA182: 1.4 | AB182: 4.75 | AC182: 65.44 | AD182: 680 | AE182: 5900 | AF182: 70.73 | AG182: 0.59 | AH182: 15.69 | AI182: 235.22 | AJ182: 60 | AK182: 9 | AL182: 9 | AM182: 0.13 | AN182: 408 | AO182: 409.2 | AP182: 300281.12 | AQ182: 300281.12 | AR182: 20230124-102614_879cb8bd-6871-443e-ab39-5590af600a5f | AT182: =(AP182-AQ182)/(365*24*2) -> 0
A183: 19.69 | B183: 27.53 | C183: 4934.5 | D183: 7.56 | E183: [30.85, 30.85] | F183: [20.0, 20.0] | G183: [7.25, 7.25] | H183: [2.0, 2.0] | I183: 0 | J183: 867.13 | K183: =IF(E183=0,0, VALUE(MID(E183,2,FIND(",",E183)-2))+ VALUE(MID(F183,2,FIND(",",F183)-2))+ VALUE(MID(G183,2,FIND(",",G183)-2)) ) -> 58.1 | L183: =IF(E183=0,0, VALUE(MID(E183,FIND(",",E183)+1,FIND("]",E183)-FIND(",",E183)-1))+ VALUE(MID(F183,FIND(",",F183)+1,FIND("]",F183)-FIND(",",F183)-1))+ VALUE(MID(G183,FIND(",",G183)+1,FIND("]",G183)-FIND(",",G183)-1)) ) -> 58.1 | M183: =(K183-L183) -> 0 | N183: 7.31 | O183: 81.86 | P183: 56 | Q183: 20.4 | R183: 7.84 | S183: 14.85 | T183: 4.84 | U183: 5.69 | V183: 3158.08 | W183: 935.65 | X183: 1078.71 | Y183: 661.25 | Z183: 29.09 | AA183: 1.42 | AB183: 4.72 | AC183: 61.83 | AD183: 680 | AE183: 5900 | AF183: 70.78 | AG183: 0.59 | AH183: 15.09 | AI183: 235.9 | AJ183: 60 | AK183: 9 | AL183: 9 | AM183: 0.13 | AN183: 408 | AO183: 409.2 | AP183: 299005.74 | AQ183: 299005.74 | AR183: 20230124-102614_d3df19cb-6c1b-4fde-8869-0ecb00559a4d | AT183: =(AP183-AQ183)/(365*24*2) -> 0
A184: 20.08 | B184: 27.88 | C184: 4870.5 | D184: 7.56 | E184: [27.66, 27.66] | F184: [20.04, 20.04] | G184: [7.68, 7.68] | H184: [2.0, 2.0] | I184: 0 | J184: 823.39 | K184: =IF(E184=0,0, VALUE(MID(E184,2,FIND(",",E184)-2))+ VALUE(MID(F184,2,FIND(",",F184)-2))+ VALUE(MID(G184,2,FIND(",",G184)-2)) ) -> 55.38 | L184: =IF(E184=0,0, VALUE(MID(E184,FIND(",",E184)+1,FIND("]",E184)-FIND(",",E184)-1))+ VALUE(MID(F184,FIND(",",F184)+1,FIND("]",F184)-FIND(",",F184)-1))+ VALUE(MID(G184,FIND(",",G184)+1,FIND("]",G184)-FIND(",",G184)-1)) ) -> 55.38 | M184: =(K184-L184) -> 0 | N184: 7.28 | O184: 82.03 | P184: 49 | Q184: 22.5 | R184: 7.79 | S184: 15.7 | T184: 4.38 | U184: 5.92 | V184: 3117.12 | W184: 925.31 | X184: 1082.67 | Y184: 657.38 | Z184: 27.67 | AA184: 1.43 | AB184: 4.7 | AC184: 64.01 | AD184: 680 | AE184: 5900 | AF184: 70.33 | AG184: 0.59 | AH184: 14.31 | AI184: 235.41 | AJ184: 60 | AK184: 9 | AL184: 9 | AM184: 0.13 | AN184: 408 | AO184: 409.2 | AP184: 297074.15 | AQ184: 297074.15 | AR184: 20230124-102614_c5b436c7-9f15-463b-ac6b-d25847935d91 | AT184: =(AP184-AQ184)/(365*24*2) -> 0
A185: 19.92 | B185: 27.63 | C185: 4890.2 | D185: 7.56 | E185: [26.63, 38.37] | F185: [20.01, 13.91] | G185: [8.82, 8.82] | H185: [2.0, 7.64] | I185: 0 | J185: 799.84 | K185: =IF(E185=0,0, VALUE(MID(E185,2,FIND(",",E185)-2))+ VALUE(MID(F185,2,FIND(",",F185)-2))+ VALUE(MID(G185,2,FIND(",",G185)-2)) ) -> 55.46 | L185: =IF(E185=0,0, VALUE(MID(E185,FIND(",",E185)+1,FIND("]",E185)-FIND(",",E185)-1))+ VALUE(MID(F185,FIND(",",F185)+1,FIND("]",F185)-FIND(",",F185)-1))+ VALUE(MID(G185,FIND(",",G185)+1,FIND("]",G185)-FIND(",",G185)-1)) ) -> 61.1 | M185: =(K185-L185) -> -5.64 | N185: 7.29 | O185: 82.04 | P185: 52 | Q185: 21.5 | R185: 7.71 | S185: 15.27 | T185: 4.66 | U185: 6.11 | V185: 3129.73 | W185: 931.57 | X185: 1108.26 | Y185: 666.23 | Z185: 7.26 | AA185: 1.44 | AB185: 4.68 | AC185: 62.34 | AD185: 680 | AE185: 5900 | AF185: 69.56 | AG185: 0.59 | AH185: 13.6 | AI185: 61.7 | AJ185: 60 | AK185: 9 | AL185: 9 | AM185: 0.51 | AN185: 408 | AO185: 412.58 | AP185: 296755.65 | AQ185: 289490.64 | AR185: 20230124-102614_98dc0357-cca9-4f1b-9819-34978f8191f9 | AT185: =(AP185-AQ185)/(365*24*2) -> 0.41466952
A186: 20.24 | B186: 28.04 | C186: 4850 | D186: 7.57 | E186: [29.56, 29.56] | F186: [19.56, 19.56] | G186: [7.76, 7.76] | H186: [2.0, 2.0] | I186: 0 | J186: 853.14 | K186: =IF(E186=0,0, VALUE(MID(E186,2,FIND(",",E186)-2))+ VALUE(MID(F186,2,FIND(",",F186)-2))+ VALUE(MID(G186,2,FIND(",",G186)-2)) ) -> 56.88 | L186: =IF(E186=0,0, VALUE(MID(E186,FIND(",",E186)+1,FIND("]",E186)-FIND(",",E186)-1))+ VALUE(MID(F186,FIND(",",F186)+1,FIND("]",F186)-FIND(",",F186)-1))+ VALUE(MID(G186,FIND(",",G186)+1,FIND("]",G186)-FIND(",",G186)-1)) ) -> 56.88 | M186: =(K186-L186) -> 0 | N186: 7.31 | O186: 82.02 | P186: 45 | Q186: 23.5 | R186: 7.8 | S186: 15.95 | T186: 4.29 | U186: 5.68 | V186: 3104 | W186: 920.95 | X186: 1071.38 | Y186: 653.17 | Z186: 28.46 | AA186: 1.43 | AB186: 4.7 | AC186: 64.51 | AD186: 680 | AE186: 5900 | AF186: 70.42 | AG186: 0.59 | AH186: 15.03 | AI186: 235.76 | AJ186: 60 | AK186: 9 | AL186: 9 | AM186: 0.13 | AN186: 408 | AO186: 409.2 | AP186: 292934.96 | AQ186: 292934.96 | AR186: 20230124-102614_bd604c09-1f3e-4a7a-b817-436503e24b93 | AT186: =(AP186-AQ186)/(365*24*2) -> 0
A187: 19.08 | B187: 27.3 | C187: 4757.8 | D187: 7.56 | E187: [31.99, 31.99] | F187: [19.59, 19.59] | G187: [5.13, 5.13] | H187: [2.0, 2.0] | I187: 0 | J187: 907.85 | K187: =IF(E187=0,0, VALUE(MID(E187,2,FIND(",",E187)-2))+ VALUE(MID(F187,2,FIND(",",F187)-2))+ VALUE(MID(G187,2,FIND(",",G187)-2)) ) -> 56.71 | L187: =IF(E187=0,0, VALUE(MID(E187,FIND(",",E187)+1,FIND("]",E187)-FIND(",",E187)-1))+ VALUE(MID(F187,FIND(",",F187)+1,FIND("]",F187)-FIND(",",F187)-1))+ VALUE(MID(G187,FIND(",",G187)+1,FIND("]",G187)-FIND(",",G187)-1)) ) -> 56.71 | M187: =(K187-L187) -> 0 | N187: 7.3 | O187: 81.9 | P187: 42 | Q187: 21.6 | R187: 8.22 | S187: 13.92 | T187: 5.16 | U187: 5.24 | V187: 3044.99 | W187: 898.55 | X187: 1009.92 | Y187: 628.76 | Z187: 28.38 | AA187: 1.37 | AB187: 4.82 | AC187: 61.41 | AD187: 680 | AE187: 5900 | AF187: 74.18 | AG187: 0.59 | AH187: 17.49 | AI187: 235.79 | AJ187: 60 | AK187: 9 | AL187: 9 | AM187: 0.13 | AN187: 408 | AO187: 409.2 | AP187: 293122.01 | AQ187: 293122.01 | AR187: 20230124-102614_f48d99ee-6c44-4990-824d-565a438e13de | AT187: =(AP187-AQ187)/(365*24*2) -> 0
A188: 19.62 | B188: 27.58 | C188: 4767.8 | D188: 7.56 | E188: [31.98, 31.98] | F188: [19.71, 19.71] | G188: [3.74, 3.74] | H188: [2.0, 2.0] | I188: 0 | J188: 921.18 | K188: =IF(E188=0,0, VALUE(MID(E188,2,FIND(",",E188)-2))+ VALUE(MID(F188,2,FIND(",",F188)-2))+ VALUE(MID(G188,2,FIND(",",G188)-2)) ) -> 55.43 | L188: =IF(E188=0,0, VALUE(MID(E188,FIND(",",E188)+1,FIND("]",E188)-FIND(",",E188)-1))+ VALUE(MID(F188,FIND(",",F188)+1,FIND("]",F188)-FIND(",",F188)-1))+ VALUE(MID(G188,FIND(",",G188)+1,FIND("]",G188)-FIND(",",G188)-1)) ) -> 55.43 | M188: =(K188-L188) -> 0 | N188: 7.28 | O188: 82.05 | P188: 40 | Q188: 23.1 | R188: 7.96 | S188: 14.84 | T188: 4.78 | U188: 5.18 | V188: 3051.39 | W188: 898.19 | X188: 994.44 | Y188: 624.7 | Z188: 27.66 | AA188: 1.37 | AB188: 4.82 | AC188: 62.45 | AD188: 680 | AE188: 5900 | AF188: 71.85 | AG188: 0.59 | AH188: 17.21 | AI188: 235.17 | AJ188: 60 | AK188: 9 | AL188: 9 | AM188: 0.13 | AN188: 408 | AO188: 409.2 | AP188: 293349.93 | AQ188: 293349.93 | AR188: 20230124-102614_d8f46e78-1516-4698-a968-fa66683c3f49 | AT188: =(AP188-AQ188)/(365*24*2) -> 0
A189: 19.76 | B189: 27.67 | C189: 4766.6 | D189: 7.56 | E189: [32.69, 32.69] | F189: [20.24, 20.24] | G189: [6.09, 6.09] | H189: [2.0, 2.0] | I189: 0 | J189: 895.98 | K189: =IF(E189=0,0, VALUE(MID(E189,2,FIND(",",E189)-2))+ VALUE(MID(F189,2,FIND(",",F189)-2))+ VALUE(MID(G189,2,FIND(",",G189)-2)) ) -> 59.02 | L189: =IF(E189=0,0, VALUE(MID(E189,FIND(",",E189)+1,FIND("]",E189)-FIND(",",E189)-1))+ VALUE(MID(F189,FIND(",",F189)+1,FIND("]",F189)-FIND(",",F189)-1))+ VALUE(MID(G189,FIND(",",G189)+1,FIND("]",G189)-FIND(",",G189)-1)) ) -> 59.02 | M189: =(K189-L189) -> 0 | N189: 7.31 | O189: 82.01 | P189: 40 | Q189: 23.8 | R189: 7.91 | S189: 15.41 | T189: 4.35 | U189: 5.32 | V189: 3050.62 | W189: 901.5 | X189: 1022.29 | Y189: 633.04 | Z189: 29.56 | AA189: 1.38 | AB189: 4.79 | AC189: 64.49 | AD189: 680 | AE189: 5900 | AF189: 71.39 | AG189: 0.59 | AH189: 16.53 | AI189: 236.02 | AJ189: 60 | AK189: 9 | AL189: 9 | AM189: 0.13 | AN189: 408 | AO189: 409.2 | AP189: 302422.84 | AQ189: 302422.84 | AR189: 20230124-102614_9873af99-418b-4f79-872d-bb7c065b8d87 | AT189: =(AP189-AQ189)/(365*24*2) -> 0
A190: 19.55 | B190: 27.37 | C190: 4937.7 | D190: 7.56 | E190: [19.23, 19.23] | F190: [20.01, 20.01] | G190: [14.22, 14.22] | H190: [2.0, 2.0] | I190: 0 | J190: 646.98 | K190: =IF(E190=0,0, VALUE(MID(E190,2,FIND(",",E190)-2))+ VALUE(MID(F190,2,FIND(",",F190)-2))+ VALUE(MID(G190,2,FIND(",",G190)-2)) ) -> 53.46 | L190: =IF(E190=0,0, VALUE(MID(E190,FIND(",",E190)+1,FIND("]",E190)-FIND(",",E190)-1))+ VALUE(MID(F190,FIND(",",F190)+1,FIND("]",F190)-FIND(",",F190)-1))+ VALUE(MID(G190,FIND(",",G190)+1,FIND("]",G190)-FIND(",",G190)-1)) ) -> 53.46 | M190: =(K190-L190) -> 0 | N190: 7.29 | O190: 82.25 | P190: 56 | Q190: 20.1 | R190: 7.82 | S190: 14.58 | T190: 4.97 | U190: 7.63 | V190: 3160.13 | W190: 958.15 | X190: 1270.36 | Y190: 716.11 | Z190: 26.73 | AA190: 1.51 | AB190: 4.55 | AC190: 61.12 | AD190: 680 | AE190: 5900 | AF190: 70.56 | AG190: 0.59 | AH190: 10.64 | AI190: 235.68 | AJ190: 60 | AK190: 9 | AL190: 9 | AM190: 0.13 | AN190: 408 | AO190: 409.2 | AP190: 294968.24 | AQ190: 294968.24 | AR190: 20230124-102614_8a550634-4633-48df-ac80-37104e2b89e0 | AT190: =(AP190-AQ190)/(365*24*2) -> 0
A191: 19.27 | B191: 27.37 | C191: 4774.3 | D191: 7.56 | E191: [33.34, 33.34] | F191: [19.99, 19.99] | G191: [2.25, 2.25] | H191: [2.0, 2.0] | I191: 0 | J191: 948.62 | K191: =IF(E191=0,0, VALUE(MID(E191,2,FIND(",",E191)-2))+ VALUE(MID(F191,2,FIND(",",F191)-2))+ VALUE(MID(G191,2,FIND(",",G191)-2)) ) -> 55.58 | L191: =IF(E191=0,0, VALUE(MID(E191,FIND(",",E191)+1,FIND("]",E191)-FIND(",",E191)-1))+ VALUE(MID(F191,FIND(",",F191)+1,FIND("]",F191)-FIND(",",F191)-1))+ VALUE(MID(G191,FIND(",",G191)+1,FIND("]",G191)-FIND(",",G191)-1)) ) -> 55.58 | M191: =(K191-L191) -> 0 | N191: 7.27 | O191: 81.99 | P191: 41 | Q191: 22.1 | R191: 8.11 | S191: 14.18 | T191: 5.09 | U191: 5.03 | V191: 3055.55 | W191: 896.88 | X191: 974.93 | Y191: 619.39 | Z191: 27.76 | AA191: 1.35 | AB191: 4.85 | AC191: 61.45 | AD191: 680 | AE191: 5900 | AF191: 73.18 | AG191: 0.59 | AH191: 18.15 | AI191: 235.43 | AJ191: 60 | AK191: 9 | AL191: 9 | AM191: 0.13 | AN191: 408 | AO191: 409.2 | AP191: 296632.83 | AQ191: 296632.83 | AR191: 20230124-102614_91671f3a-7d96-4ba7-b302-35bdcfea458c | AT191: =(AP191-AQ191)/(365*24*2) -> 0
A192: 20.05 | B192: 27.93 | C192: 4776.9 | D192: 7.56 | E192: [28.16, 28.16] | F192: [19.95, 19.95] | G192: [7.52, 7.52] | H192: [2.0, 2.0] | I192: 0 | J192: 832.6 | K192: =IF(E192=0,0, VALUE(MID(E192,2,FIND(",",E192)-2))+ VALUE(MID(F192,2,FIND(",",F192)-2))+ VALUE(MID(G192,2,FIND(",",G192)-2)) ) -> 55.63 | L192: =IF(E192=0,0, VALUE(MID(E192,FIND(",",E192)+1,FIND("]",E192)-FIND(",",E192)-1))+ VALUE(MID(F192,FIND(",",F192)+1,FIND("]",F192)-FIND(",",F192)-1))+ VALUE(MID(G192,FIND(",",G192)+1,FIND("]",G192)-FIND(",",G192)-1)) ) -> 55.63 | M192: =(K192-L192) -> 0 | N192: 7.29 | O192: 82.04 | P192: 38 | Q192: 24.8 | R192: 7.88 | S192: 15.88 | T192: 4.17 | U192: 5.74 | V192: 3057.22 | W192: 907.07 | X192: 1057.48 | Y192: 643.57 | Z192: 27.82 | AA192: 1.41 | AB192: 4.74 | AC192: 65.38 | AD192: 680 | AE192: 5900 | AF192: 71.12 | AG192: 0.59 | AH192: 15.01 | AI192: 235.69 | AJ192: 60 | AK192: 9 | AL192: 9 | AM192: 0.13 | AN192: 408 | AO192: 409.2 | AP192: 296270.52 | AQ192: 296270.52 | AR192: 20230124-102614_a3613427-9123-47fa-a7f1-d4b853d90c0a | AT192: =(AP192-AQ192)/(365*24*2) -> 0
A193: 19.44 | B193: 27.26 | C193: 4953.5 | D193: 7.56 | E193: [16.05, 16.05] | F193: [20.0, 20.0] | G193: [14.22, 14.22] | H193: [2.0, 2.0] | I193: 0 | J193: 590.5 | K193: =IF(E193=0,0, VALUE(MID(E193,2,FIND(",",E193)-2))+ VALUE(MID(F193,2,FIND(",",F193)-2))+ VALUE(MID(G193,2,FIND(",",G193)-2)) ) -> 50.27 | L193: =IF(E193=0,0, VALUE(MID(E193,FIND(",",E193)+1,FIND("]",E193)-FIND(",",E193)-1))+ VALUE(MID(F193,FIND(",",F193)+1,FIND("]",F193)-FIND(",",F193)-1))+ VALUE(MID(G193,FIND(",",G193)+1,FIND("]",G193)-FIND(",",G193)-1)) ) -> 50.27 | M193: =(K193-L193) -> 0 | N193: 7.26 | O193: 82.03 | P193: 56 | Q193: 19.7 | R193: 7.83 | S193: 14.23 | T193: 5.21 | U193: 8.39 | V193: 3170.24 | W193: 966.46 | X193: 1324.5 | Y193: 731.9 | Z193: 25.13 | AA193: 1.52 | AB193: 4.52 | AC193: 60.03 | AD193: 680 | AE193: 5900 | AF193: 70.65 | AG193: 0.59 | AH193: 9.56 | AI193: 235.57 | AJ193: 60 | AK193: 9 | AL193: 9 | AM193: 0.13 | AN193: 408 | AO193: 409.2 | AP193: 292061.25 | AQ193: 292061.25 | AR193: 20230124-102614_b75d2223-4af6-4888-8f23-8b029cee2ded | AT193: =(AP193-AQ193)/(365*24*2) -> 0
... A251: 22.07 | B251: 31.29 | C251: 5477.7 | D251: 7.57 | E251: [14.72, 38.15] | F251: [19.78, 1.91] | G251: [12.86, 12.86] | H251: [2.0, 7.56] | I251: 0 | J251: 574.82 | K251: =IF(E251=0,0, VALUE(MID(E251,2,FIND(",",E251)-2))+ VALUE(MID(F251,2,FIND(",",F251)-2))+ VALUE(MID(G251,2,FIND(",",G251)-2)) ) -> 47.36 | L251: =IF(E251=0,0, VALUE(MID(E251,FIND(",",E251)+1,FIND("]",E251)-FIND(",",E251)-1))+ VALUE(MID(F251,FIND(",",F251)+1,FIND("]",F251)-FIND(",",F251)-1))+ VALUE(MID(G251,FIND(",",G251)+1,FIND("]",G251)-FIND(",",G251)-1)) ) -> 52.92 | M251: =(K251-L251) -> -5.56 | N251: 7.23 | O251: 82.27 | P251: 87 | Q251: 19.6 | R251: 9.22 | S251: 18.01 | T251: 4.07 | U251: 9.53 | V251: 3505.73 | W251: 1067.65 | X251: 1460.96 | Y251: 807.28 | Z251: 6.26 | AA251: 1.66 | AB251: 4.24 | AC251: 69.4 | AD251: 680 | AE251: 5900 | AF251: 83.24 | AG251: 0.59 | AH251: 9.76 | AI251: 62.34 | AJ251: 60 | AK251: 9 | AL251: 9 | AM251: 0.5 | AN251: 408 | AO251: 412.54 | AP251: 287041 | AQ251: 144891.43 | AR251: 20230124-104213_d19a90aa-763e-4b21-946a-1049fee69e12 | AT251: =(AP251-AQ251)/(365*24*2) -> 8.1135599

Sheet P2
A1: supply_temp | B1: return_temp | C1: ct_conductivity | D1: ct_ph | E1: Bore | F1: CWRO | G1: BoilerBD | H1: BD | I1: scheme | J1: mu_conductivity | K1: mu_flow(PV) | L1: mu-flow(OV) | M1: m-saving(PV-OV) | N1: mu_ph | O1: cooling_tower_level | P1: relative_humidity | Q1: ambient_temp | R1: delta_temp | S1: wetBulb_temp | T1: approach_temp | U1: cond_coc | V1: ct_tds | W1: ct_ca | X1: ct_alk | Y1: ct_chloride | Z1: flow_cycle | AA1: sat_index | AB1: sta_index | AC1: perf_index | AD1: system_vol | AE1: rec_rate | AF1: evap_loss | AG1: drift_loss | AH1: blowdown_coc | AI1: hold_time_index | AJ1: dosing_residual | AK1: dosing_contact_time | AL1: dosing_density | AM1: dosing_continuous | AN1: dosing_initial | AO1: dosing_slug | AP1: currentOperatingCost | AQ1: newOperatingCost | AR1: updatedDateTime | AS1: Date and Time | AT1: =SUM(AT2:AT251) -> 477.74659 | AU1: Total Savings
A2: 0 | B2: 0 | C2: 0 | D2: 0 | E2: 0 | F2: 0 | G2: 0 | H2: 0 | I2: 0 | J2: 0 | K2: =IF(E2=0,0, VALUE(MID(E2,2,FIND(",",E2)-2))+ VALUE(MID(F2,2,FIND(",",F2)-2))+ VALUE(MID(G2,2,FIND(",",G2)-2)) ) -> 0 | L2: =IF(E2=0,0, VALUE(MID(E2,FIND(",",E2)+1,FIND("]",E2)-FIND(",",E2)-1))+ VALUE(MID(F2,FIND(",",F2)+1,FIND("]",F2)-FIND(",",F2)-1))+ VALUE(MID(G2,FIND(",",G2)+1,FIND("]",G2)-FIND(",",G2)-1)) ) -> 0 | M2: =(K2-L2) -> 0 | N2: 0 | O2: 0 | P2: 0 | Q2: 0 | R2: 0 | S2: 0 | T2: 0 | U2: 0 | V2: 0 | W2: 0 | X2: 0 | Y2: 0 | Z2: 0 | AA2: 0 | AB2: 0 | AC2: 0 | AD2: 0 | AE2: 0 | AF2: 0 | AG2: 0 | AH2: 0 | AI2: 0 | AJ2: 0 | AK2: 0 | AL2: 0 | AM2: 0 | AN2: 0 | AO2: 0 | AP2: 0 | AQ2: 0 | AR2: 0 | AT2: =(AP2-AQ2)/(365*24*2) -> 0 | AU2: =SUM(AT2:AT251) -> 477.74659
A3: 0 | B3: 0 | C3: 0 | D3: 0 | E3: 0 | F3: 0 | G3: 0 | H3: 0 | I3: 0 | J3: 0 | K3: =IF(E3=0,0, VALUE(MID(E3,2,FIND(",",E3)-2))+ VALUE(MID(F3,2,FIND(",",F3)-2))+ VALUE(MID(G3,2,FIND(",",G3)-2)) ) -> 0 | L3: =IF(E3=0,0, VALUE(MID(E3,FIND(",",E3)+1,FIND("]",E3)-FIND(",",E3)-1))+ VALUE(MID(F3,FIND(",",F3)+1,FIND("]",F3)-FIND(",",F3)-1))+ VALUE(MID(G3,FIND(",",G3)+1,FIND("]",G3)-FIND(",",G3)-1)) ) -> 0 | M3: =(K3-L3) -> 0 | N3: 0 | O3: 0 | P3: 0 | Q3: 0 | R3: 0 | S3: 0 | T3: 0 | U3: 0 | V3: 0 | W3: 0 | X3: 0 | Y3: 0 | Z3: 0 | AA3: 0 | AB3: 0 | AC3: 0 | AD3: 0 | AE3: 0 | AF3: 0 | AG3: 0 | AH3: 0 | AI3: 0 | AJ3: 0 | AK3: 0 | AL3: 0 | AM3: 0 | AN3: 0 | AO3: 0 | AP3: 0 | AQ3: 0 | AR3: 0 | AT3: =(AP3-AQ3)/(365*24*2) -> 0
A4: 0 | B4: 0 | C4: 0 | D4: 0 | E4: 0 | F4: 0 | G4: 0 | H4: 0 | I4: 0 | J4: 0 | K4: =IF(E4=0,0, VALUE(MID(E4,2,FIND(",",E4)-2))+ VALUE(MID(F4,2,FIND(",",F4)-2))+ VALUE(MID(G4,2,FIND(",",G4)-2)) ) -> 0 | L4: =IF(E4=0,0, VALUE(MID(E4,FIND(",",E4)+1,FIND("]",E4)-FIND(",",E4)-1))+ VALUE(MID(F4,FIND(",",F4)+1,FIND("]",F4)-FIND(",",F4)-1))+ VALUE(MID(G4,FIND(",",G4)+1,FIND("]",G4)-FIND(",",G4)-1)) ) -> 0 | M4: =(K4-L4) -> 0 | N4: 0 | O4: 0 | P4: 0 | Q4: 0 | R4: 0 | S4: 0 | T4: 0 | U4: 0 | V4: 0 | W4: 0 | X4: 0 | Y4: 0 | Z4: 0 | AA4: 0 | AB4: 0 | AC4: 0 | AD4: 0 | AE4: 0 | AF4: 0 | AG4: 0 | AH4: 0 | AI4: 0 | AJ4: 0 | AK4: 0 | AL4: 0 | AM4: 0 | AN4: 0 | AO4: 0 | AP4: 0 | AQ4: 0 | AR4: 0 | AT4: =(AP4-AQ4)/(365*24*2) -> 0
A5: 0 | B5: 6 | C5: 57.24 | D5: 7.8 | E5: [30.06, 0.92] | F5: [5.54, 13.36] | G5: [0.0, 0.0] | H5: [22.05, 0.73] | I5: 0 | J5: 1305.89 | K5: =IF(E5=0,0, VALUE(MID(E5,2,FIND(",",E5)-2))+ VALUE(MID(F5,2,FIND(",",F5)-2))+ VALUE(MID(G5,2,FIND(",",G5)-2)) ) -> 35.6 | L5: =IF(E5=0,0, VALUE(MID(E5,FIND(",",E5)+1,FIND("]",E5)-FIND(",",E5)-1))+ VALUE(MID(F5,FIND(",",F5)+1,FIND("]",F5)-FIND(",",F5)-1))+ VALUE(MID(G5,FIND(",",G5)+1,FIND("]",G5)-FIND(",",G5)-1)) ) -> 14.28 | M5: =(K5-L5) -> 21.32 | N5: 7.57 | O5: 0 | P5: 59 | Q5: 20 | R5: 6 | S5: 14.88 | T5: -14.88 | U5: 0.04 | V5: 36.63 | W5: 10.73 | X5: 11.26 | Y5: 7.35 | Z5: 48.61 | AA5: -2.46 | AB5: 12.72 | AC5: -67.56 | AD5: 160 | AE5: 1460 | AF5: 13.4 | AG5: 0.15 | AH5: -14.02 | AI5: 151.4 | AJ5: 60 | AK5: 9 | AL5: 9 | AM5: 0.05 | AN5: 96 | AO5: 96.44 | AP5: 318351.92 | AQ5: 172101.2 | AR5: 20230124-093759_9f0a1368-5ec7-48f3-a1f7-b03589439cab | AT5: =(AP5-AQ5)/(365*24*2) -> 8.3476438
A6: 0 | B6: 6 | C6: 54.86 | D6: 7.8 | E6: [25.58, 0.92] | F6: [5.55, 13.36] | G6: [0.0, 0.0] | H6: [17.58, 0.73] | I6: 0 | J6: 1271.67 | K6: =IF(E6=0,0, VALUE(MID(E6,2,FIND(",",E6)-2))+ VALUE(MID(F6,2,FIND(",",F6)-2))+ VALUE(MID(G6,2,FIND(",",G6)-2)) ) -> 31.13 | L6: =IF(E6=0,0, VALUE(MID(E6,FIND(",",E6)+1,FIND("]",E6)-FIND(",",E6)-1))+ VALUE(MID(F6,FIND(",",F6)+1,FIND("]",F6)-FIND(",",F6)-1))+ VALUE(MID(G6,FIND(",",G6)+1,FIND("]",G6)-FIND(",",G6)-1)) ) -> 14.28 | M6: =(K6-L6) -> 16.85 | N6: 7.53 | O6: 0 | P6: 85 | Q6: 18.9 | R6: 6 | S6: 17.08 | T6: -17.08 | U6: 0.04 | V6: 35.11 | W6: 10.28 | X6: 10.8 | Y6: 7.04 | Z6: 42.5 | AA6: -2.5 | AB6: 12.79 | AC6: -54.15 | AD6: 160 | AE6: 1460 | AF6: 13.4 | AG6: 0.15 | AH6: -14.01 | AI6: 151.4 | AJ6: 60 | AK6: 9 | AL6: 9 | AM6: 0.05 | AN6: 96 | AO6: 96.44 | AP6: 269104.64 | AQ6: 172101.2 | AR6: 20230124-093759_e697bf3c-588b-4d89-9b61-67d892014333 | AT6: =(AP6-AQ6)/(365*24*2) -> 5.536726
A7: 0 | B7: 6 | C7: 75.38 | D7: 7.8 | E7: [52.34, 0.92] | F7: [5.54, 13.36] | G7: [0.0, 0.0] | H7: [44.34, 0.73] | I7: 0 | J7: 1395.87 | K7: =IF(E7=0,0, VALUE(MID(E7,2,FIND(",",E7)-2))+ VALUE(MID(F7,2,FIND(",",F7)-2))+ VALUE(MID(G7,2,FIND(",",G7)-2)) ) -> 57.88 | L7: =IF(E7=0,0, VALUE(MID(E7,FIND(",",E7)+1,FIND("]",E7)-FIND(",",E7)-1))+ VALUE(MID(F7,FIND(",",F7)+1,FIND("]",F7)-FIND(",",F7)-1))+ VALUE(MID(G7,FIND(",",G7)+1,FIND("]",G7)-FIND(",",G7)-1)) ) -> 14.28 | M7: =(K7-L7) -> 43.6 | N7: 7.66 | O7: 0 | P7: 64 | Q7: 19.7 | R7: 6 | S7: 15.25 | T7: -15.25 | U7: 0.05 | V7: 48.25 | W7: 14.14 | X7: 14.82 | Y7: 9.68 | Z7: 79.04 | AA7: -2.23 | AB7: 12.27 | AC7: -64.88 | AD7: 160 | AE7: 1460 | AF7: 13.4 | AG7: 0.15 | AH7: -14.17 | AI7: 151.4 | AJ7: 60 | AK7: 9 | AL7: 9 | AM7: 0.05 | AN7: 96 | AO7: 96.44 | AP7: 564369.74 | AQ7: 172101.2 | AR7: 20230124-093759_5bf3c0ad-e364-4209-aee7-a3fb00439d48 | AT7: =(AP7-AQ7)/(365*24*2) -> 22.389757
A8: 0 | B8: 0 | C8: 0 | D8: 0 | E8: 0 | F8: 0 | G8: 0 | H8: 0 | I8: 0 | J8: 0 | K8: =IF(E8=0,0, VALUE(MID(E8,2,FIND(",",E8)-2))+ VALUE(MID(F8,2,FIND(",",F8)-2))+ VALUE(MID(G8,2,FIND(",",G8)-2)) ) -> 0 | L8: =IF(E8=0,0, VALUE(MID(E8,FIND(",",E8)+1,FIND("]",E8)-FIND(",",E8)-1))+ VALUE(MID(F8,FIND(",",F8)+1,FIND("]",F8)-FIND(",",F8)-1))+ VALUE(MID(G8,FIND(",",G8)+1,FIND("]",G8)-FIND(",",G8)-1)) ) -> 0 | M8: =(K8-L8) -> 0 | N8: 0 | O8: 0 | P8: 0 | Q8: 0 | R8: 0 | S8: 0 | T8: 0 | U8: 0 | V8: 0 | W8: 0 | X8: 0 | Y8: 0 | Z8: 0 | AA8: 0 | AB8: 0 | AC8: 0 | AD8: 0 | AE8: 0 | AF8: 0 | AG8: 0 | AH8: 0 | AI8: 0 | AJ8: 0 | AK8: 0 | AL8: 0 | AM8: 0 | AN8: 0 | AO8: 0 | AP8: 0 | AQ8: 0 | AR8: 0 | AT8: =(AP8-AQ8)/(365*24*2) -> 0
A9: 0 | B9: 6 | C9: 81.47 | D9: 7.8 | E9: [58.8, 0.92] | F9: [5.7, 13.36] | G9: [0.0, 0.0] | H9: [50.96, 0.73] | I9: 0 | J9: 1406.95 | K9: =IF(E9=0,0, VALUE(MID(E9,2,FIND(",",E9)-2))+ VALUE(MID(F9,2,FIND(",",F9)-2))+ VALUE(MID(G9,2,FIND(",",G9)-2)) ) -> 64.5 | L9: =IF(E9=0,0, VALUE(MID(E9,FIND(",",E9)+1,FIND("]",E9)-FIND(",",E9)-1))+ VALUE(MID(F9,FIND(",",F9)+1,FIND("]",F9)-FIND(",",F9)-1))+ VALUE(MID(G9,FIND(",",G9)+1,FIND("]",G9)-FIND(",",G9)-1)) ) -> 14.28 | M9: =(K9-L9) -> 50.22 | N9: 7.67 | O9: 0 | P9: 73 | Q9: 18.4 | R9: 6 | S9: 15.15 | T9: -15.15 | U9: 0.06 | V9: 52.14 | W9: 15.28 | X9: 16.01 | Y9: 10.47 | Z9: 88.08 | AA9: -2.17 | AB9: 12.14 | AC9: -65.56 | AD9: 160 | AE9: 1460 | AF9: 13.4 | AG9: 0.15 | AH9: -14.23 | AI9: 151.4 | AJ9: 60 | AK9: 9 | AL9: 9 | AM9: 0.05 | AN9: 96 | AO9: 96.44 | AP9: 639260.49 | AQ9: 172101.2 | AR9: 20230124-093759_73ba74f0-c493-4a9d-a540-f7430c20f7bd | AT9: =(AP9-AQ9)/(365*24*2) -> 26.664343
A10: 0 | B10: 0 | C10: 0 | D10: 0 | E10: 0 | F10: 0 | G10: 0 | H10: 0 | I10: 0 | J10: 0 | K10: =IF(E10=0,0, VALUE(MID(E10,2,FIND(",",E10)-2))+ VALUE(MID(F10,2,FIND(",",F10)-2))+ VALUE(MID(G10,2,FIND(",",G10)-2)) ) -> 0 | L10: =IF(E10=0,0, VALUE(MID(E10,FIND(",",E10)+1,FIND("]",E10)-FIND(",",E10)-1))+ VALUE(MID(F10,FIND(",",F10)+1,FIND("]",F10)-FIND(",",F10)-1))+ VALUE(MID(G10,FIND(",",G10)+1,FIND("]",G10)-FIND(",",G10)-1)) ) -> 0 | M10: =(K10-L10) -> 0 | N10: 0 | O10: 0 | P10: 0 | Q10: 0 | R10: 0 | S10: 0 | T10: 0 | U10: 0 | V10: 0 | W10: 0 | X10: 0 | Y10: 0 | Z10: 0 | AA10: 0 | AB10: 0 | AC10: 0 | AD10: 0 | AE10: 0 | AF10: 0 | AG10: 0 | AH10: 0 | AI10: 0 | AJ10: 0 | AK10: 0 | AL10: 0 | AM10: 0 | AN10: 0 | AO10: 0 | AP10: 0 | AQ10: 0 | AR10: 0 | AT10: =(AP10-AQ10)/(365*24*2) -> 0
A11: 0 | B11: 0 | C11: 0 | D11: 0 | E11: 0 | F11: 0 | G11: 0 | H11: 0 | I11: 0 | J11: 0 | K11: =IF(E11=0,0, VALUE(MID(E11,2,FIND(",",E11)-2))+ VALUE(MID(F11,2,FIND(",",F11)-2))+ VALUE(MID(G11,2,FIND(",",G11)-2)) ) -> 0 | L11: =IF(E11=0,0, VALUE(MID(E11,FIND(",",E11)+1,FIND("]",E11)-FIND(",",E11)-1))+ VALUE(MID(F11,FIND(",",F11)+1,FIND("]",F11)-FIND(",",F11)-1))+ VALUE(MID(G11,FIND(",",G11)+1,FIND("]",G11)-FIND(",",G11)-1)) ) -> 0 | M11: =(K11-L11) -> 0 | N11: 0 | O11: 0 | P11: 0 | Q11: 0 | R11: 0 | S11: 0 | T11: 0 | U11: 0 | V11: 0 | W11: 0 | X11: 0 | Y11: 0 | Z11: 0 | AA11: 0 | AB11: 0 | AC11: 0 | AD11: 0 | AE11: 0 | AF11: 0 | AG11: 0 | AH11: 0 | AI11: 0 | AJ11: 0 | AK11: 0 | AL11: 0 | AM11: 0 | AN11: 0 | AO11: 0 | AP11: 0 | AQ11: 0 | AR11: 0 | AT11: =(AP11-AQ11)/(365*24*2) -> 0
A12: 0 | B12: 0 | C12: 0 | D12: 0 | E12: 0 | F12: 0 | G12: 0 | H12: 0 | I12: 0 | J12: 0 | K12: =IF(E12=0,0, VALUE(MID(E12,2,FIND(",",E12)-2))+ VALUE(MID(F12,2,FIND(",",F12)-2))+ VALUE(MID(G12,2,FIND(",",G12)-2)) ) -> 0 | L12: =IF(E12=0,0, VALUE(MID(E12,FIND(",",E12)+1,FIND("]",E12)-FIND(",",E12)-1))+ VALUE(MID(F12,FIND(",",F12)+1,FIND("]",F12)-FIND(",",F12)-1))+ VALUE(MID(G12,FIND(",",G12)+1,FIND("]",G12)-FIND(",",G12)-1)) ) -> 0 | M12: =(K12-L12) -> 0 | N12: 0 | O12: 0 | P12: 0 | Q12: 0 | R12: 0 | S12: 0 | T12: 0 | U12: 0 | V12: 0 | W12: 0 | X12: 0 | Y12: 0 | Z12: 0 | AA12: 0 | AB12: 0 | AC12: 0 | AD12: 0 | AE12: 0 | AF12: 0 | AG12: 0 | AH12: 0 | AI12: 0 | AJ12: 0 | AK12: 0 | AL12: 0 | AM12: 0 | AN12: 0 | AO12: 0 | AP12: 0 | AQ12: 0 | AR12: 0 | AT12: =(AP12-AQ12)/(365*24*2) -> 0
A13: 0 | B13: 0 | C13: 0 | D13: 0 | E13: 0 | F13: 0 | G13: 0 | H13: 0 | I13: 0 | J13: 0 | K13: =IF(E13=0,0, VALUE(MID(E13,2,FIND(",",E13)-2))+ VALUE(MID(F13,2,FIND(",",F13)-2))+ VALUE(MID(G13,2,FIND(",",G13)-2)) ) -> 0 | L13: =IF(E13=0,0, VALUE(MID(E13,FIND(",",E13)+1,FIND("]",E13)-FIND(",",E13)-1))+ VALUE(MID(F13,FIND(",",F13)+1,FIND("]",F13)-FIND(",",F13)-1))+ VALUE(MID(G13,FIND(",",G13)+1,FIND("]",G13)-FIND(",",G13)-1)) ) -> 0 | M13: =(K13-L13) -> 0 | N13: 0 | O13: 0 | P13: 0 | Q13: 0 | R13: 0 | S13: 0 | T13: 0 | U13: 0 | V13: 0 | W13: 0 | X13: 0 | Y13: 0 | Z13: 0 | AA13: 0 | AB13: 0 | AC13: 0 | AD13: 0 | AE13: 0 | AF13: 0 | AG13: 0 | AH13: 0 | AI13: 0 | AJ13: 0 | AK13: 0 | AL13: 0 | AM13: 0 | AN13: 0 | AO13: 0 | AP13: 0 | AQ13: 0 | AR13: 0 | AT13: =(AP13-AQ13)/(365*24*2) -> 0
A14: 0 | B14: 6 | C14: 71.56 | D14: 7.8 | E14: [48.01, 0.92] | F14: [5.62, 13.36] | G14: [0.0, 0.0] | H14: [40.08, 0.73] | I14: 0 | J14: 1382.25 | K14: =IF(E14=0,0, VALUE(MID(E14,2,FIND(",",E14)-2))+ VALUE(MID(F14,2,FIND(",",F14)-2))+ VALUE(MID(G14,2,FIND(",",G14)-2)) ) -> 53.63 | L14: =IF(E14=0,0, VALUE(MID(E14,FIND(",",E14)+1,FIND("]",E14)-FIND(",",E14)-1))+ VALUE(MID(F14,FIND(",",F14)+1,FIND("]",F14)-FIND(",",F14)-1))+ VALUE(MID(G14,FIND(",",G14)+1,FIND("]",G14)-FIND(",",G14)-1)) ) -> 14.28 | M14: =(K14-L14) -> 39.35 | N14: 7.64 | O14: 0 | P14: 55 | Q14: 20.3 | R14: 6 | S14: 14.63 | T14: -14.63 | U14: 0.05 | V14: 45.8 | W14: 13.42 | X14: 14.07 | Y14: 9.19 | Z14: 73.23 | AA14: -2.28 | AB14: 12.36 | AC14: -69.56 | AD14: 160 | AE14: 1460 | AF14: 13.4 | AG14: 0.15 | AH14: -14.13 | AI14: 151.4 | AJ14: 60 | AK14: 9 | AL14: 9 | AM14: 0.05 | AN14: 96 | AO14: 96.44 | AP14: 518295.46 | AQ14: 172101.2 | AR14: 20230124-093759_c3d9a479-9ca6-4a54-af09-f91d19f3bb51 | AT14: =(AP14-AQ14)/(365*24*2) -> 19.759946
A15: 0 | B15: 6 | C15: 58.78 | D15: 7.8 | E15: [15.43, 15.43] | F15: [5.57, 5.57] | G15: [0.0, 0.0] | H15: [7.45, 7.45] | I15: 0 | J15: 1140.95 | K15: =IF(E15=0,0, VALUE(MID(E15,2,FIND(",",E15)-2))+ VALUE(MID(F15,2,FIND(",",F15)-2))+ VALUE(MID(G15,2,FIND(",",G15)-2)) ) -> 21 | L15: =IF(E15=0,0, VALUE(MID(E15,FIND(",",E15)+1,FIND("]",E15)-FIND(",",E15)-1))+ VALUE(MID(F15,FIND(",",F15)+1,FIND("]",F15)-FIND(",",F15)-1))+ VALUE(MID(G15,FIND(",",G15)+1,FIND("]",G15)-FIND(",",G15)-1)) ) -> 21 | M15: =(K15-L15) -> 0 | N15: 7.4 | O15: 0 | P15: 87 | Q15: 17.9 | R15: 6 | S15: 16.34 | T15: -16.34 | U15: 0.05 | V15: 37.62 | W15: 11.01 | X15: 11.6 | Y15: 7.53 | Z15: 2.82 | AA15: -2.44 | AB15: 12.68 | AC15: -58 | AD15: 160 | AE15: 1460 | AF15: 13.4 | AG15: 0.15 | AH15: -14.13 | AI15: 14.89 | AJ15: 60 | AK15: 9 | AL15: 9 | AM15: 0.5 | AN15: 96 | AO15: 100.47 | AP15: 157467.68 | AQ15: 157467.68 | AR15: 20230124-093759_0f23e5b4-d6ab-48cb-9200-361ba2154e90 | AT15: =(AP15-AQ15)/(365*24*2) -> 0
A16: 0 | B16: 0 | C16: 0 | D16: 0 | E16: 0 | F16: 0 | G16: 0 | H16: 0 | I16: 0 | J16: 0 | K16: =IF(E16=0,0, VALUE(MID(E16,2,FIND(",",E16)-2))+ VALUE(MID(F16,2,FIND(",",F16)-2))+ VALUE(MID(G16,2,FIND(",",G16)-2)) ) -> 0 | L16: =IF(E16=0,0, VALUE(MID(E16,FIND(",",E16)+1,FIND("]",E16)-FIND(",",E16)-1))+ VALUE(MID(F16,FIND(",",F16)+1,FIND("]",F16)-FIND(",",F16)-1))+ VALUE(MID(G16,FIND(",",G16)+1,FIND("]",G16)-FIND(",",G16)-1)) ) -> 0 | M16: =(K16-L16) -> 0 | N16: 0 | O16: 0 | P16: 0 | Q16: 0 | R16: 0 | S16: 0 | T16: 0 | U16: 0 | V16: 0 | W16: 0 | X16: 0 | Y16: 0 | Z16: 0 | AA16: 0 | AB16: 0 | AC16: 0 | AD16: 0 | AE16: 0 | AF16: 0 | AG16: 0 | AH16: 0 | AI16: 0 | AJ16: 0 | AK16: 0 | AL16: 0 | AM16: 0 | AN16: 0 | AO16: 0 | AP16: 0 | AQ16: 0 | AR16: 0 | AT16: =(AP16-AQ16)/(365*24*2) -> 0
A17: 0 | B17: 0 | C17: 0 | D17: 0 | E17: 0 | F17: 0 | G17: 0 | H17: 0 | I17: 0 | J17: 0 | K17: =IF(E17=0,0, VALUE(MID(E17,2,FIND(",",E17)-2))+ VALUE(MID(F17,2,FIND(",",F17)-2))+ VALUE(MID(G17,2,FIND(",",G17)-2)) ) -> 0 | L17: =IF(E17=0,0, VALUE(MID(E17,FIND(",",E17)+1,FIND("]",E17)-FIND(",",E17)-1))+ VALUE(MID(F17,FIND(",",F17)+1,FIND("]",F17)-FIND(",",F17)-1))+ VALUE(MID(G17,FIND(",",G17)+1,FIND("]",G17)-FIND(",",G17)-1)) ) -> 0 | M17: =(K17-L17) -> 0 | N17: 0 | O17: 0 | P17: 0 | Q17: 0 | R17: 0 | S17: 0 | T17: 0 | U17: 0 | V17: 0 | W17: 0 | X17: 0 | Y17: 0 | Z17: 0 | AA17: 0 | AB17: 0 | AC17: 0 | AD17: 0 | AE17: 0 | AF17: 0 | AG17: 0 | AH17: 0 | AI17: 0 | AJ17: 0 | AK17: 0 | AL17: 0 | AM17: 0 | AN17: 0 | AO17: 0 | AP17: 0 | AQ17: 0 | AR17: 0 | AT17: =(AP17-AQ17)/(365*24*2) -> 0
A18: 0 | B18: 0 | C18: 0 | D18: 0 | E18: 0 | F18: 0 | G18: 0 | H18: 0 | I18: 0 | J18: 0 | K18: =IF(E18=0,0, VALUE(MID(E18,2,FIND(",",E18)-2))+ VALUE(MID(F18,2,FIND(",",F18)-2))+ VALUE(MID(G18,2,FIND(",",G18)-2)) ) -> 0 | L18: =IF(E18=0,0, VALUE(MID(E18,FIND(",",E18)+1,FIND("]",E18)-FIND(",",E18)-1))+ VALUE(MID(F18,FIND(",",F18)+1,FIND("]",F18)-FIND(",",F18)-1))+ VALUE(MID(G18,FIND(",",G18)+1,FIND("]",G18)-FIND(",",G18)-1)) ) -> 0 | M18: =(K18-L18) -> 0 | N18: 0 | O18: 0 | P18: 0 | Q18: 0 | R18: 0 | S18: 0 | T18: 0 | U18: 0 | V18: 0 | W18: 0 | X18: 0 | Y18: 0 | Z18: 0 | AA18: 0 | AB18: 0 | AC18: 0 | AD18: 0 | AE18: 0 | AF18: 0 | AG18: 0 | AH18: 0 | AI18: 0 | AJ18: 0 | AK18: 0 | AL18: 0 | AM18: 0 | AN18: 0 | AO18: 0 | AP18: 0 | AQ18: 0 | AR18: 0 | AT18: =(AP18-AQ18)/(365*24*2) -> 0
A19: 0 | B19: 6 | C19: 78.59 | D19: 7.8 | E19: [56.06, 0.92] | F19: [5.34, 13.36] | G19: [0.0, 0.0] | H19: [47.85, 0.73] | I19: 0 | J19: 1409.2 | K19: =IF(E19=0,0, VALUE(MID(E19,2,FIND(",",E19)-2))+ VALUE(MID(F19,2,FIND(",",F19)-2))+ VALUE(MID(G19,2,FIND(",",G19)-2)) ) -> 61.4 | L19: =IF(E19=0,0, VALUE(MID(E19,FIND(",",E19)+1,FIND("]",E19)-FIND(",",E19)-1))+ VALUE(MID(F19,FIND(",",F19)+1,FIND("]",F19)-FIND(",",F19)-1))+ VALUE(MID(G19,FIND(",",G19)+1,FIND("]",G19)-FIND(",",G19)-1)) ) -> 14.28 | M19: =(K19-L19) -> 47.12 | N19: 7.67 | O19: 0 | P19: 68 | Q19: 18.9 | R19: 6 | S19: 15.01 | T19: -15.01 | U19: 0.06 | V19: 50.3 | W19: 14.74 | X19: 15.44 | Y19: 10.1 | Z19: 83.83 | AA19: -2.2 | AB19: 12.2 | AC19: -66.59 | AD19: 160 | AE19: 1460 | AF19: 13.4 | AG19: 0.15 | AH19: -14.19 | AI19: 151.4 | AJ19: 60 | AK19: 9 | AL19: 9 | AM19: 0.05 | AN19: 96 | AO19: 96.44 | AP19: 600733.23 | AQ19: 172101.2 | AR19: 20230124-093759_372de64a-1f23-469a-b292-519478218b2a | AT19: =(AP19-AQ19)/(365*24*2) -> 24.465299
A20: 0 | B20: 6 | C20: 54.23 | D20: 7.8 | E20: [19.45, 0.92] | F20: [5.64, 13.36] | G20: [0.0, 0.0] | H20: [11.54, 0.73] | I20: 0 | J20: 1201.51 | K20: =IF(E20=0,0, VALUE(MID(E20,2,FIND(",",E20)-2))+ VALUE(MID(F20,2,FIND(",",F20)-2))+ VALUE(MID(G20,2,FIND(",",G20)-2)) ) -> 25.09 | L20: =IF(E20=0,0, VALUE(MID(E20,FIND(",",E20)+1,FIND("]",E20)-FIND(",",E20)-1))+ VALUE(MID(F20,FIND(",",F20)+1,FIND("]",F20)-FIND(",",F20)-1))+ VALUE(MID(G20,FIND(",",G20)+1,FIND("]",G20)-FIND(",",G20)-1)) ) -> 14.28 | M20: =(K20-L20) -> 10.81 | N20: 7.46 | O20: 0 | P20: 70 | Q20: 18.6 | R20: 6 | S20: 14.98 | T20: -14.98 | U20: 0.05 | V20: 34.7 | W20: 10.16 | X20: 10.69 | Y20: 6.95 | Z20: 34.26 | AA20: -2.51 | AB20: 12.81 | AC20: -66.85 | AD20: 160 | AE20: 1460 | AF20: 13.4 | AG20: 0.15 | AH20: -14.04 | AI20: 151.4 | AJ20: 60 | AK20: 9 | AL20: 9 | AM20: 0.05 | AN20: 96 | AO20: 96.44 | AP20: 203537.84 | AQ20: 172101.2 | AR20: 20230124-093759_79cd1182-fb21-414b-8b67-9e91521e787f | AT20: =(AP20-AQ20)/(365*24*2) -> 1.7943288
A21: 0 | B21: 0 | C21: 0 | D21: 0 | E21: 0 | F21: 0 | G21: 0 | H21: 0 | I21: 0 | J21: 0 | K21: =IF(E21=0,0, VALUE(MID(E21,2,FIND(",",E21)-2))+ VALUE(MID(F21,2,FIND(",",F21)-2))+ VALUE(MID(G21,2,FIND(",",G21)-2)) ) -> 0 | L21: =IF(E21=0,0, VALUE(MID(E21,FIND(",",E21)+1,FIND("]",E21)-FIND(",",E21)-1))+ VALUE(MID(F21,FIND(",",F21)+1,FIND("]",F21)-FIND(",",F21)-1))+ VALUE(MID(G21,FIND(",",G21)+1,FIND("]",G21)-FIND(",",G21)-1)) ) -> 0 | M21: =(K21-L21) -> 0 | N21: 0 | O21: 0 | P21: 0 | Q21: 0 | R21: 0 | S21: 0 | T21: 0 | U21: 0 | V21: 0 | W21: 0 | X21: 0 | Y21: 0 | Z21: 0 | AA21: 0 | AB21: 0 | AC21: 0 | AD21: 0 | AE21: 0 | AF21: 0 | AG21: 0 | AH21: 0 | AI21: 0 | AJ21: 0 | AK21: 0 | AL21: 0 | AM21: 0 | AN21: 0 | AO21: 0 | AP21: 0 | AQ21: 0 | AR21: 0 | AT21: =(AP21-AQ21)/(365*24*2) -> 0
A22: 0 | B22: 0 | C22: 0 | D22: 0 | E22: 0 | F22: 0 | G22: 0 | H22: 0 | I22: 0 | J22: 0 | K22: =IF(E22=0,0, VALUE(MID(E22,2,FIND(",",E22)-2))+ VALUE(MID(F22,2,FIND(",",F22)-2))+ VALUE(MID(G22,2,FIND(",",G22)-2)) ) -> 0 | L22: =IF(E22=0,0, VALUE(MID(E22,FIND(",",E22)+1,FIND("]",E22)-FIND(",",E22)-1))+ VALUE(MID(F22,FIND(",",F22)+1,FIND("]",F22)-FIND(",",F22)-1))+ VALUE(MID(G22,FIND(",",G22)+1,FIND("]",G22)-FIND(",",G22)-1)) ) -> 0 | M22: =(K22-L22) -> 0 | N22: 0 | O22: 0 | P22: 0 | Q22: 0 | R22: 0 | S22: 0 | T22: 0 | U22: 0 | V22: 0 | W22: 0 | X22: 0 | Y22: 0 | Z22: 0 | AA22: 0 | AB22: 0 | AC22: 0 | AD22: 0 | AE22: 0 | AF22: 0 | AG22: 0 | AH22: 0 | AI22: 0 | AJ22: 0 | AK22: 0 | AL22: 0 | AM22: 0 | AN22: 0 | AO22: 0 | AP22: 0 | AQ22: 0 | AR22: 0 | AT22: =(AP22-AQ22)/(365*24*2) -> 0
A23: 0 | B23: 0 | C23: 0 | D23: 0 | E23: 0 | F23: 0 | G23: 0 | H23: 0 | I23: 0 | J23: 0 | K23: =IF(E23=0,0, VALUE(MID(E23,2,FIND(",",E23)-2))+ VALUE(MID(F23,2,FIND(",",F23)-2))+ VALUE(MID(G23,2,FIND(",",G23)-2)) ) -> 0 | L23: =IF(E23=0,0, VALUE(MID(E23,FIND(",",E23)+1,FIND("]",E23)-FIND(",",E23)-1))+ VALUE(MID(F23,FIND(",",F23)+1,FIND("]",F23)-FIND(",",F23)-1))+ VALUE(MID(G23,FIND(",",G23)+1,FIND("]",G23)-FIND(",",G23)-1)) ) -> 0 | M23: =(K23-L23) -> 0 | N23: 0 | O23: 0 | P23: 0 | Q23: 0 | R23: 0 | S23: 0 | T23: 0 | U23: 0 | V23: 0 | W23: 0 | X23: 0 | Y23: 0 | Z23: 0 | AA23: 0 | AB23: 0 | AC23: 0 | AD23: 0 | AE23: 0 | AF23: 0 | AG23: 0 | AH23: 0 | AI23: 0 | AJ23: 0 | AK23: 0 | AL23: 0 | AM23: 0 | AN23: 0 | AO23: 0 | AP23: 0 | AQ23: 0 | AR23: 0 | AT23: =(AP23-AQ23)/(365*24*2) -> 0
A24: 0 | B24: 0 | C24: 0 | D24: 0 | E24: 0 | F24: 0 | G24: 0 | H24: 0 | I24: 0 | J24: 0 | K24: =IF(E24=0,0, VALUE(MID(E24,2,FIND(",",E24)-2))+ VALUE(MID(F24,2,FIND(",",F24)-2))+ VALUE(MID(G24,2,FIND(",",G24)-2)) ) -> 0 | L24: =IF(E24=0,0, VALUE(MID(E24,FIND(",",E24)+1,FIND("]",E24)-FIND(",",E24)-1))+ VALUE(MID(F24,FIND(",",F24)+1,FIND("]",F24)-FIND(",",F24)-1))+ VALUE(MID(G24,FIND(",",G24)+1,FIND("]",G24)-FIND(",",G24)-1)) ) -> 0 | M24: =(K24-L24) -> 0 | N24: 0 | O24: 0 | P24: 0 | Q24: 0 | R24: 0 | S24: 0 | T24: 0 | U24: 0 | V24: 0 | W24: 0 | X24: 0 | Y24: 0 | Z24: 0 | AA24: 0 | AB24: 0 | AC24: 0 | AD24: 0 | AE24: 0 | AF24: 0 | AG24: 0 | AH24: 0 | AI24: 0 | AJ24: 0 | AK24: 0 | AL24: 0 | AM24: 0 | AN24: 0 | AO24: 0 | AP24: 0 | AQ24: 0 | AR24: 0 | AT24: =(AP24-AQ24)/(365*24*2) -> 0
A25: 0 | B25: 0 | C25: 0 | D25: 0 | E25: 0 | F25: 0 | G25: 0 | H25: 0 | I25: 0 | J25: 0 | K25: =IF(E25=0,0, VALUE(MID(E25,2,FIND(",",E25)-2))+ VALUE(MID(F25,2,FIND(",",F25)-2))+ VALUE(MID(G25,2,FIND(",",G25)-2)) ) -> 0 | L25: =IF(E25=0,0, VALUE(MID(E25,FIND(",",E25)+1,FIND("]",E25)-FIND(",",E25)-1))+ VALUE(MID(F25,FIND(",",F25)+1,FIND("]",F25)-FIND(",",F25)-1))+ VALUE(MID(G25,FIND(",",G25)+1,FIND("]",G25)-FIND(",",G25)-1)) ) -> 0 | M25: =(K25-L25) -> 0 | N25: 0 | O25: 0 | P25: 0 | Q25: 0 | R25: 0 | S25: 0 | T25: 0 | U25: 0 | V25: 0 | W25: 0 | X25: 0 | Y25: 0 | Z25: 0 | AA25: 0 | AB25: 0 | AC25: 0 | AD25: 0 | AE25: 0 | AF25: 0 | AG25: 0 | AH25: 0 | AI25: 0 | AJ25: 0 | AK25: 0 | AL25: 0 | AM25: 0 | AN25: 0 | AO25: 0 | AP25: 0 | AQ25: 0 | AR25: 0 | AT25: =(AP25-AQ25)/(365*24*2) -> 0
A26: 0 | B26: 0 | C26: 0 | D26: 0 | E26: 0 | F26: 0 | G26: 0 | H26: 0 | I26: 0 | J26: 0 | K26: =IF(E26=0,0, VALUE(MID(E26,2,FIND(",",E26)-2))+ VALUE(MID(F26,2,FIND(",",F26)-2))+ VALUE(MID(G26,2,FIND(",",G26)-2)) ) -> 0 | L26: =IF(E26=0,0, VALUE(MID(E26,FIND(",",E26)+1,FIND("]",E26)-FIND(",",E26)-1))+ VALUE(MID(F26,FIND(",",F26)+1,FIND("]",F26)-FIND(",",F26)-1))+ VALUE(MID(G26,FIND(",",G26)+1,FIND("]",G26)-FIND(",",G26)-1)) ) -> 0 | M26: =(K26-L26) -> 0 | N26: 0 | O26: 0 | P26: 0 | Q26: 0 | R26: 0 | S26: 0 | T26: 0 | U26: 0 | V26: 0 | W26: 0 | X26: 0 | Y26: 0 | Z26: 0 | AA26: 0 | AB26: 0 | AC26: 0 | AD26: 0 | AE26: 0 | AF26: 0 | AG26: 0 | AH26: 0 | AI26: 0 | AJ26: 0 | AK26: 0 | AL26: 0 | AM26: 0 | AN26: 0 | AO26: 0 | AP26: 0 | AQ26: 0 | AR26: 0 | AT26: =(AP26-AQ26)/(365*24*2) -> 0
A27: 0 | B27: 0 | C27: 0 | D27: 0 | E27: 0 | F27: 0 | G27: 0 | H27: 0 | I27: 0 | J27: 0 | K27: =IF(E27=0,0, VALUE(MID(E27,2,FIND(",",E27)-2))+ VALUE(MID(F27,2,FIND(",",F27)-2))+ VALUE(MID(G27,2,FIND(",",G27)-2)) ) -> 0 | L27: =IF(E27=0,0, VALUE(MID(E27,FIND(",",E27)+1,FIND("]",E27)-FIND(",",E27)-1))+ VALUE(MID(F27,FIND(",",F27)+1,FIND("]",F27)-FIND(",",F27)-1))+ VALUE(MID(G27,FIND(",",G27)+1,FIND("]",G27)-FIND(",",G27)-1)) ) -> 0 | M27: =(K27-L27) -> 0 | N27: 0 | O27: 0 | P27: 0 | Q27: 0 | R27: 0 | S27: 0 | T27: 0 | U27: 0 | V27: 0 | W27: 0 | X27: 0 | Y27: 0 | Z27: 0 | AA27: 0 | AB27: 0 | AC27: 0 | AD27: 0 | AE27: 0 | AF27: 0 | AG27: 0 | AH27: 0 | AI27: 0 | AJ27: 0 | AK27: 0 | AL27: 0 | AM27: 0 | AN27: 0 | AO27: 0 | AP27: 0 | AQ27: 0 | AR27: 0 | AT27: =(AP27-AQ27)/(365*24*2) -> 0
A28: 0 | B28: 0 | C28: 0 | D28: 0 | E28: 0 | F28: 0 | G28: 0 | H28: 0 | I28: 0 | J28: 0 | K28: =IF(E28=0,0, VALUE(MID(E28,2,FIND(",",E28)-2))+ VALUE(MID(F28,2,FIND(",",F28)-2))+ VALUE(MID(G28,2,FIND(",",G28)-2)) ) -> 0 | L28: =IF(E28=0,0, VALUE(MID(E28,FIND(",",E28)+1,FIND("]",E28)-FIND(",",E28)-1))+ VALUE(MID(F28,FIND(",",F28)+1,FIND("]",F28)-FIND(",",F28)-1))+ VALUE(MID(G28,FIND(",",G28)+1,FIND("]",G28)-FIND(",",G28)-1)) ) -> 0 | M28: =(K28-L28) -> 0 | N28: 0 | O28: 0 | P28: 0 | Q28: 0 | R28: 0 | S28: 0 | T28: 0 | U28: 0 | V28: 0 | W28: 0 | X28: 0 | Y28: 0 | Z28: 0 | AA28: 0 | AB28: 0 | AC28: 0 | AD28: 0 | AE28: 0 | AF28: 0 | AG28: 0 | AH28: 0 | AI28: 0 | AJ28: 0 | AK28: 0 | AL28: 0 | AM28: 0 | AN28: 0 | AO28: 0 | AP28: 0 | AQ28: 0 | AR28: 0 | AT28: =(AP28-AQ28)/(365*24*2) -> 0
A29: 0 | B29: 0 | C29: 0 | D29: 0 | E29: 0 | F29: 0 | G29: 0 | H29: 0 | I29: 0 | J29: 0 | K29: =IF(E29=0,0, VALUE(MID(E29,2,FIND(",",E29)-2))+ VALUE(MID(F29,2,FIND(",",F29)-2))+ VALUE(MID(G29,2,FIND(",",G29)-2)) ) -> 0 | L29: =IF(E29=0,0, VALUE(MID(E29,FIND(",",E29)+1,FIND("]",E29)-FIND(",",E29)-1))+ VALUE(MID(F29,FIND(",",F29)+1,FIND("]",F29)-FIND(",",F29)-1))+ VALUE(MID(G29,FIND(",",G29)+1,FIND("]",G29)-FIND(",",G29)-1)) ) -> 0 | M29: =(K29-L29) -> 0 | N29: 0 | O29: 0 | P29: 0 | Q29: 0 | R29: 0 | S29: 0 | T29: 0 | U29: 0 | V29: 0 | W29: 0 | X29: 0 | Y29: 0 | Z29: 0 | AA29: 0 | AB29: 0 | AC29: 0 | AD29: 0 | AE29: 0 | AF29: 0 | AG29: 0 | AH29: 0 | AI29: 0 | AJ29: 0 | AK29: 0 | AL29: 0 | AM29: 0 | AN29: 0 | AO29: 0 | AP29: 0 | AQ29: 0 | AR29: 0 | AT29: =(AP29-AQ29)/(365*24*2) -> 0
A30: 0 | B30: 0 | C30: 0 | D30: 0 | E30: 0 | F30: 0 | G30: 0 | H30: 0 | I30: 0 | J30: 0 | K30: =IF(E30=0,0, VALUE(MID(E30,2,FIND(",",E30)-2))+ VALUE(MID(F30,2,FIND(",",F30)-2))+ VALUE(MID(G30,2,FIND(",",G30)-2)) ) -> 0 | L30: =IF(E30=0,0, VALUE(MID(E30,FIND(",",E30)+1,FIND("]",E30)-FIND(",",E30)-1))+ VALUE(MID(F30,FIND(",",F30)+1,FIND("]",F30)-FIND(",",F30)-1))+ VALUE(MID(G30,FIND(",",G30)+1,FIND("]",G30)-FIND(",",G30)-1)) ) -> 0 | M30: =(K30-L30) -> 0 | N30: 0 | O30: 0 | P30: 0 | Q30: 0 | R30: 0 | S30: 0 | T30: 0 | U30: 0 | V30: 0 | W30: 0 | X30: 0 | Y30: 0 | Z30: 0 | AA30: 0 | AB30: 0 | AC30: 0 | AD30: 0 | AE30: 0 | AF30: 0 | AG30: 0 | AH30: 0 | AI30: 0 | AJ30: 0 | AK30: 0 | AL30: 0 | AM30: 0 | AN30: 0 | AO30: 0 | AP30: 0 | AQ30: 0 | AR30: 0 | AT30: =(AP30-AQ30)/(365*24*2) -> 0
A31: 0 | B31: 0 | C31: 0 | D31: 0 | E31: 0 | F31: 0 | G31: 0 | H31: 0 | I31: 0 | J31: 0 | K31: =IF(E31=0,0, VALUE(MID(E31,2,FIND(",",E31)-2))+ VALUE(MID(F31,2,FIND(",",F31)-2))+ VALUE(MID(G31,2,FIND(",",G31)-2)) ) -> 0 | L31: =IF(E31=0,0, VALUE(MID(E31,FIND(",",E31)+1,FIND("]",E31)-FIND(",",E31)-1))+ VALUE(MID(F31,FIND(",",F31)+1,FIND("]",F31)-FIND(",",F31)-1))+ VALUE(MID(G31,FIND(",",G31)+1,FIND("]",G31)-FIND(",",G31)-1)) ) -> 0 | M31: =(K31-L31) -> 0 | N31: 0 | O31: 0 | P31: 0 | Q31: 0 | R31: 0 | S31: 0 | T31: 0 | U31: 0 | V31: 0 | W31: 0 | X31: 0 | Y31: 0 | Z31: 0 | AA31: 0 | AB31: 0 | AC31: 0 | AD31: 0 | AE31: 0 | AF31: 0 | AG31: 0 | AH31: 0 | AI31: 0 | AJ31: 0 | AK31: 0 | AL31: 0 | AM31: 0 | AN31: 0 | AO31: 0 | AP31: 0 | AQ31: 0 | AR31: 0 | AT31: =(AP31-AQ31)/(365*24*2) -> 0
A32: 0 | B32: 0 | C32: 0 | D32: 0 | E32: 0 | F32: 0 | G32: 0 | H32: 0 | I32: 0 | J32: 0 | K32: =IF(E32=0,0, VALUE(MID(E32,2,FIND(",",E32)-2))+ VALUE(MID(F32,2,FIND(",",F32)-2))+ VALUE(MID(G32,2,FIND(",",G32)-2)) ) -> 0 | L32: =IF(E32=0,0, VALUE(MID(E32,FIND(",",E32)+1,FIND("]",E32)-FIND(",",E32)-1))+ VALUE(MID(F32,FIND(",",F32)+1,FIND("]",F32)-FIND(",",F32)-1))+ VALUE(MID(G32,FIND(",",G32)+1,FIND("]",G32)-FIND(",",G32)-1)) ) -> 0 | M32: =(K32-L32) -> 0 | N32: 0 | O32: 0 | P32: 0 | Q32: 0 | R32: 0 | S32: 0 | T32: 0 | U32: 0 | V32: 0 | W32: 0 | X32: 0 | Y32: 0 | Z32: 0 | AA32: 0 | AB32: 0 | AC32: 0 | AD32: 0 | AE32: 0 | AF32: 0 | AG32: 0 | AH32: 0 | AI32: 0 | AJ32: 0 | AK32: 0 | AL32: 0 | AM32: 0 | AN32: 0 | AO32: 0 | AP32: 0 | AQ32: 0 | AR32: 0 | AT32: =(AP32-AQ32)/(365*24*2) -> 0
... A86: 0 | B86: 0 | C86: 0 | D86: 0 | E86: 0 | F86: 0 | G86: 0 | H86: 0 | I86: 0 | J86: 0 | K86: =IF(E86=0,0, VALUE(MID(E86,2,FIND(",",E86)-2))+ VALUE(MID(F86,2,FIND(",",F86)-2))+ VALUE(MID(G86,2,FIND(",",G86)-2)) ) -> 0 | L86: =IF(E86=0,0, VALUE(MID(E86,FIND(",",E86)+1,FIND("]",E86)-FIND(",",E86)-1))+ VALUE(MID(F86,FIND(",",F86)+1,FIND("]",F86)-FIND(",",F86)-1))+ VALUE(MID(G86,FIND(",",G86)+1,FIND("]",G86)-FIND(",",G86)-1)) ) -> 0 | M86: =(K86-L86) -> 0 | N86: 0 | O86: 0 | P86: 0 | Q86: 0 | R86: 0 | S86: 0 | T86: 0 | U86: 0 | V86: 0 | W86: 0 | X86: 0 | Y86: 0 | Z86: 0 | AA86: 0 | AB86: 0 | AC86: 0 | AD86: 0 | AE86: 0 | AF86: 0 | AG86: 0 | AH86: 0 | AI86: 0 | AJ86: 0 | AK86: 0 | AL86: 0 | AM86: 0 | AN86: 0 | AO86: 0 | AP86: 0 | AQ86: 0 | AR86: 0 | AT86: =(AP86-AQ86)/(365*24*2) -> 0
A87: 0 | B87: 6 | C87: 525.17 | D87: 7.8 | E87: [0.0, 0.92] | F87: [13.91, 13.36] | G87: [0.0, 0.0] | H87: [0.36, 0.73] | I87: 0 | J87: 35 | K87: =IF(E87=0,0, VALUE(MID(E87,2,FIND(",",E87)-2))+ VALUE(MID(F87,2,FIND(",",F87)-2))+ VALUE(MID(G87,2,FIND(",",G87)-2)) ) -> 13.91 | L87: =IF(E87=0,0, VALUE(MID(E87,FIND(",",E87)+1,FIND("]",E87)-FIND(",",E87)-1))+ VALUE(MID(F87,FIND(",",F87)+1,FIND("]",F87)-FIND(",",F87)-1))+ VALUE(MID(G87,FIND(",",G87)+1,FIND("]",G87)-FIND(",",G87)-1)) ) -> 14.28 | M87: =(K87-L87) -> -0.37 | N87: 6.3 | O87: 0 | P87: 56 | Q87: 19.5 | R87: 6 | S87: 14.05 | T87: -14.05 | U87: 15 | V87: 336.11 | W87: 76.52 | X87: 183.06 | Y87: 42.01 | Z87: 19 | AA87: -0.49 | AB87: 8.79 | AC87: -74.54 | AD87: 160 | AE87: 1460 | AF87: 13.4 | AG87: 0.15 | AH87: 0.96 | AI87: 151.4 | AJ87: 60 | AK87: 9 | AL87: 9 | AM87: 0.05 | AN87: 96 | AO87: 96.44 | AP87: 174342.25 | AQ87: 172101.2 | AR87: 20230124-095935_72c5c4f1-aaf5-46a2-aa47-0ee64be5013b | AT87: =(AP87-AQ87)/(365*24*2) -> 0.12791381
A88: 0 | B88: 6 | C88: 73.03 | D88: 7.8 | E88: [0.0, 0.92] | F88: [17.9, 13.36] | G88: [0.0, 0.0] | H88: [4.35, 0.73] | I88: 0 | J88: 35 | K88: =IF(E88=0,0, VALUE(MID(E88,2,FIND(",",E88)-2))+ VALUE(MID(F88,2,FIND(",",F88)-2))+ VALUE(MID(G88,2,FIND(",",G88)-2)) ) -> 17.9 | L88: =IF(E88=0,0, VALUE(MID(E88,FIND(",",E88)+1,FIND("]",E88)-FIND(",",E88)-1))+ VALUE(MID(F88,FIND(",",F88)+1,FIND("]",F88)-FIND(",",F88)-1))+ VALUE(MID(G88,FIND(",",G88)+1,FIND("]",G88)-FIND(",",G88)-1)) ) -> 14.28 | M88: =(K88-L88) -> 3.62 | N88: 6.3 | O88: 0 | P88: 68 | Q88: 18.2 | R88: 6 | S88: 14.36 | T88: -14.36 | U88: 2.09 | V88: 46.74 | W88: 10.64 | X88: 25.46 | Y88: 5.84 | Z88: 24.44 | AA88: -2.12 | AB88: 12.04 | AC88: -71.75 | AD88: 160 | AE88: 1460 | AF88: 13.4 | AG88: 0.15 | AH88: 12.33 | AI88: 151.4 | AJ88: 60 | AK88: 9 | AL88: 9 | AM88: 0.05 | AN88: 96 | AO88: 96.44 | AP88: 263746.22 | AQ88: 172101.2 | AR88: 20230124-095935_31629371-b0a8-456f-bdf3-60b2eb9ec76b | AT88: =(AP88-AQ88)/(365*24*2) -> 5.2308801
A89: 0 | B89: 6 | C89: 14271.44 | D89: 7.8 | E89: [0.0, 0.0] | F89: [13.56, 13.56] | G89: [0.0, 0.0] | H89: [0.01, 0.01] | I89: 0 | J89: 35 | K89: =IF(E89=0,0, VALUE(MID(E89,2,FIND(",",E89)-2))+ VALUE(MID(F89,2,FIND(",",F89)-2))+ VALUE(MID(G89,2,FIND(",",G89)-2)) ) -> 13.56 | L89: =IF(E89=0,0, VALUE(MID(E89,FIND(",",E89)+1,FIND("]",E89)-FIND(",",E89)-1))+ VALUE(MID(F89,FIND(",",F89)+1,FIND("]",F89)-FIND(",",F89)-1))+ VALUE(MID(G89,FIND(",",G89)+1,FIND("]",G89)-FIND(",",G89)-1)) ) -> 13.56 | M89: =(K89-L89) -> 0 | N89: 6.3 | O89: 0 | P89: 56 | Q89: 19.5 | R89: 6 | S89: 14.05 | T89: -14.05 | U89: 407.76 | V89: 9133.72 | W89: 2079.55 | X89: 4974.62 | Y89: 1141.71 | Z89: 1063.8 | AA89: 2.23 | AB89: 3.34 | AC89: -74.54 | AD89: 160 | AE89: 1460 | AF89: 13.4 | AG89: 0.15 | AH89: 0.03 | AI89: 8697.68 | AJ89: 60 | AK89: 9 | AL89: 9 | AM89: 0 | AN89: 96 | AO89: 96.01 | AP89: 166448.37 | AQ89: 166448.37 | AR89: 20230124-095935_9cf267c2-8d51-4c90-90b7-ab3040a8b89f | AT89: =(AP89-AQ89)/(365*24*2) -> 0
A90: 0 | B90: 6 | C90: 90.66 | D90: 7.8 | E90: [0.0, 0.92] | F90: [16.54, 13.36] | G90: [0.0, 0.0] | H90: [2.99, 0.73] | I90: 0 | J90: 35 | K90: =IF(E90=0,0, VALUE(MID(E90,2,FIND(",",E90)-2))+ VALUE(MID(F90,2,FIND(",",F90)-2))+ VALUE(MID(G90,2,FIND(",",G90)-2)) ) -> 16.54 | L90: =IF(E90=0,0, VALUE(MID(E90,FIND(",",E90)+1,FIND("]",E90)-FIND(",",E90)-1))+ VALUE(MID(F90,FIND(",",F90)+1,FIND("]",F90)-FIND(",",F90)-1))+ VALUE(MID(G90,FIND(",",G90)+1,FIND("]",G90)-FIND(",",G90)-1)) ) -> 14.28 | M90: =(K90-L90) -> 2.26 | N90: 6.3 | O90: 0 | P90: 57 | Q90: 19.8 | R90: 6 | S90: 14.44 | T90: -14.44 | U90: 2.59 | V90: 58.02 | W90: 13.21 | X90: 31.6 | Y90: 7.25 | Z90: 22.58 | AA90: -1.94 | AB90: 11.69 | AC90: -71.05 | AD90: 160 | AE90: 1460 | AF90: 13.4 | AG90: 0.15 | AH90: 8.43 | AI90: 151.4 | AJ90: 60 | AK90: 9 | AL90: 9 | AM90: 0.05 | AN90: 96 | AO90: 96.44 | AP90: 233234.94 | AQ90: 172101.2 | AR90: 20230124-095935_2fc457b5-2525-4207-8b72-3b7c527172fa | AT90: =(AP90-AQ90)/(365*24*2) -> 3.4893687
A91: 0 | B91: 6 | C91: 132.79 | D91: 7.8 | E91: [0.0, 0.92] | F91: [15.29, 13.36] | G91: [0.0, 0.0] | H91: [1.74, 0.73] | I91: 0 | J91: 35 | K91: =IF(E91=0,0, VALUE(MID(E91,2,FIND(",",E91)-2))+ VALUE(MID(F91,2,FIND(",",F91)-2))+ VALUE(MID(G91,2,FIND(",",G91)-2)) ) -> 15.29 | L91: =IF(E91=0,0, VALUE(MID(E91,FIND(",",E91)+1,FIND("]",E91)-FIND(",",E91)-1))+ VALUE(MID(F91,FIND(",",F91)+1,FIND("]",F91)-FIND(",",F91)-1))+ VALUE(MID(G91,FIND(",",G91)+1,FIND("]",G91)-FIND(",",G91)-1)) ) -> 14.28 | M91: =(K91-L91) -> 1.01 | N91: 6.3 | O91: 0 | P91: 55 | Q91: 20.1 | R91: 6 | S91: 14.45 | T91: -14.45 | U91: 3.79 | V91: 84.98 | W91: 19.35 | X91: 46.29 | Y91: 10.62 | Z91: 20.88 | AA91: -1.63 | AB91: 11.06 | AC91: -71.01 | AD91: 160 | AE91: 1460 | AF91: 13.4 | AG91: 0.15 | AH91: 4.8 | AI91: 151.4 | AJ91: 60 | AK91: 9 | AL91: 9 | AM91: 0.05 | AN91: 96 | AO91: 96.44 | AP91: 205284.64 | AQ91: 172101.2 | AR91: 20230124-095935_2527abfa-c0c9-4b2c-b9ef-12ea68e712f1 | AT91: =(AP91-AQ91)/(365*24*2) -> 1.894032
A92: 0 | B92: 0 | C92: 0 | D92: 0 | E92: 0 | F92: 0 | G92: 0 | H92: 0 | I92: 0 | J92: 0 | K92: =IF(E92=0,0, VALUE(MID(E92,2,FIND(",",E92)-2))+ VALUE(MID(F92,2,FIND(",",F92)-2))+ VALUE(MID(G92,2,FIND(",",G92)-2)) ) -> 0 | L92: =IF(E92=0,0, VALUE(MID(E92,FIND(",",E92)+1,FIND("]",E92)-FIND(",",E92)-1))+ VALUE(MID(F92,FIND(",",F92)+1,FIND("]",F92)-FIND(",",F92)-1))+ VALUE(MID(G92,FIND(",",G92)+1,FIND("]",G92)-FIND(",",G92)-1)) ) -> 0 | M92: =(K92-L92) -> 0 | N92: 0 | O92: 0 | P92: 0 | Q92: 0 | R92: 0 | S92: 0 | T92: 0 | U92: 0 | V92: 0 | W92: 0 | X92: 0 | Y92: 0 | Z92: 0 | AA92: 0 | AB92: 0 | AC92: 0 | AD92: 0 | AE92: 0 | AF92: 0 | AG92: 0 | AH92: 0 | AI92: 0 | AJ92: 0 | AK92: 0 | AL92: 0 | AM92: 0 | AN92: 0 | AO92: 0 | AP92: 0 | AQ92: 0 | AR92: 0 | AT92: =(AP92-AQ92)/(365*24*2) -> 0
A93: 0 | B93: 6 | C93: 81.17 | D93: 7.8 | E93: [0.0, 0.92] | F93: [17.13, 13.36] | G93: [0.0, 0.0] | H93: [3.59, 0.73] | I93: 0 | J93: 35 | K93: =IF(E93=0,0, VALUE(MID(E93,2,FIND(",",E93)-2))+ VALUE(MID(F93,2,FIND(",",F93)-2))+ VALUE(MID(G93,2,FIND(",",G93)-2)) ) -> 17.13 | L93: =IF(E93=0,0, VALUE(MID(E93,FIND(",",E93)+1,FIND("]",E93)-FIND(",",E93)-1))+ VALUE(MID(F93,FIND(",",F93)+1,FIND("]",F93)-FIND(",",F93)-1))+ VALUE(MID(G93,FIND(",",G93)+1,FIND("]",G93)-FIND(",",G93)-1)) ) -> 14.28 | M93: =(K93-L93) -> 2.85 | N93: 6.3 | O93: 0 | P93: 56 | Q93: 20.2 | R93: 6 | S93: 14.67 | T93: -14.67 | U93: 2.32 | V93: 51.95 | W93: 11.83 | X93: 28.3 | Y93: 6.49 | Z93: 23.4 | AA93: -2.03 | AB93: 11.87 | AC93: -69.22 | AD93: 160 | AE93: 1460 | AF93: 13.4 | AG93: 0.15 | AH93: 10.16 | AI93: 151.4 | AJ93: 60 | AK93: 9 | AL93: 9 | AM93: 0.05 | AN93: 96 | AO93: 96.44 | AP93: 246584.49 | AQ93: 172101.2 | AR93: 20230124-095935_c6fa23cf-7316-4cec-9f77-6730ee0c7e55 | AT93: =(AP93-AQ93)/(365*24*2) -> 4.2513293
A94: 0 | B94: 0 | C94: 0 | D94: 0 | E94: 0 | F94: 0 | G94: 0 | H94: 0 | I94: 0 | J94: 0 | K94: =IF(E94=0,0, VALUE(MID(E94,2,FIND(",",E94)-2))+ VALUE(MID(F94,2,FIND(",",F94)-2))+ VALUE(MID(G94,2,FIND(",",G94)-2)) ) -> 0 | L94: =IF(E94=0,0, VALUE(MID(E94,FIND(",",E94)+1,FIND("]",E94)-FIND(",",E94)-1))+ VALUE(MID(F94,FIND(",",F94)+1,FIND("]",F94)-FIND(",",F94)-1))+ VALUE(MID(G94,FIND(",",G94)+1,FIND("]",G94)-FIND(",",G94)-1)) ) -> 0 | M94: =(K94-L94) -> 0 | N94: 0 | O94: 0 | P94: 0 | Q94: 0 | R94: 0 | S94: 0 | T94: 0 | U94: 0 | V94: 0 | W94: 0 | X94: 0 | Y94: 0 | Z94: 0 | AA94: 0 | AB94: 0 | AC94: 0 | AD94: 0 | AE94: 0 | AF94: 0 | AG94: 0 | AH94: 0 | AI94: 0 | AJ94: 0 | AK94: 0 | AL94: 0 | AM94: 0 | AN94: 0 | AO94: 0 | AP94: 0 | AQ94: 0 | AR94: 0 | AT94: =(AP94-AQ94)/(365*24*2) -> 0
A95: 0 | B95: 6 | C95: 78.1 | D95: 7.8 | E95: [0.0, 0.92] | F95: [17.39, 13.36] | G95: [0.0, 0.0] | H95: [3.84, 0.73] | I95: 0 | J95: 35 | K95: =IF(E95=0,0, VALUE(MID(E95,2,FIND(",",E95)-2))+ VALUE(MID(F95,2,FIND(",",F95)-2))+ VALUE(MID(G95,2,FIND(",",G95)-2)) ) -> 17.39 | L95: =IF(E95=0,0, VALUE(MID(E95,FIND(",",E95)+1,FIND("]",E95)-FIND(",",E95)-1))+ VALUE(MID(F95,FIND(",",F95)+1,FIND("]",F95)-FIND(",",F95)-1))+ VALUE(MID(G95,FIND(",",G95)+1,FIND("]",G95)-FIND(",",G95)-1)) ) -> 14.28 | M95: =(K95-L95) -> 3.11 | N95: 6.3 | O95: 0 | P95: 73 | Q95: 16.7 | R95: 6 | S95: 13.55 | T95: -13.55 | U95: 2.23 | V95: 49.99 | W95: 11.38 | X95: 27.22 | Y95: 6.25 | Z95: 23.74 | AA95: -2.07 | AB95: 11.93 | AC95: -79.44 | AD95: 160 | AE95: 1460 | AF95: 13.4 | AG95: 0.15 | AH95: 10.88 | AI95: 151.4 | AJ95: 60 | AK95: 9 | AL95: 9 | AM95: 0.05 | AN95: 96 | AO95: 96.44 | AP95: 252230.54 | AQ95: 172101.2 | AR95: 20230124-095935_3c92dbac-79df-4625-9a92-edad34775c9c | AT95: =(AP95-AQ95)/(365*24*2) -> 4.5735925
A96: 0 | B96: 6 | C96: 73.58 | D96: 7.8 | E96: [0.0, 0.92] | F96: [17.84, 13.36] | G96: [0.0, 0.0] | H96: [4.29, 0.73] | I96: 0 | J96: 35 | K96: =IF(E96=0,0, VALUE(MID(E96,2,FIND(",",E96)-2))+ VALUE(MID(F96,2,FIND(",",F96)-2))+ VALUE(MID(G96,2,FIND(",",G96)-2)) ) -> 17.84 | L96: =IF(E96=0,0, VALUE(MID(E96,FIND(",",E96)+1,FIND("]",E96)-FIND(",",E96)-1))+ VALUE(MID(F96,FIND(",",F96)+1,FIND("]",F96)-FIND(",",F96)-1))+ VALUE(MID(G96,FIND(",",G96)+1,FIND("]",G96)-FIND(",",G96)-1)) ) -> 14.28 | M96: =(K96-L96) -> 3.56 | N96: 6.3 | O96: 0 | P96: 72 | Q96: 17.4 | R96: 6 | S96: 14.09 | T96: -14.09 | U96: 2.1 | V96: 47.09 | W96: 10.72 | X96: 25.65 | Y96: 5.89 | Z96: 24.36 | AA96: -2.12 | AB96: 12.03 | AC96: -74.13 | AD96: 160 | AE96: 1460 | AF96: 13.4 | AG96: 0.15 | AH96: 12.16 | AI96: 151.4 | AJ96: 60 | AK96: 9 | AL96: 9 | AM96: 0.05 | AN96: 96 | AO96: 96.44 | AP96: 262337.95 | AQ96: 172101.2 | AR96: 20230124-095935_4abc60a9-a8b6-4fce-8ea8-86513755599d | AT96: =(AP96-AQ96)/(365*24*2) -> 5.1504994
A97: 0 | B97: 6 | C97: 72.13 | D97: 7.8 | E97: [0.0, 0.92] | F97: [18.01, 13.36] | G97: [0.0, 0.0] | H97: [4.46, 0.73] | I97: 0 | J97: 35 | K97: =IF(E97=0,0, VALUE(MID(E97,2,FIND(",",E97)-2))+ VALUE(MID(F97,2,FIND(",",F97)-2))+ VALUE(MID(G97,2,FIND(",",G97)-2)) ) -> 18.01 | L97: =IF(E97=0,0, VALUE(MID(E97,FIND(",",E97)+1,FIND("]",E97)-FIND(",",E97)-1))+ VALUE(MID(F97,FIND(",",F97)+1,FIND("]",F97)-FIND(",",F97)-1))+ VALUE(MID(G97,FIND(",",G97)+1,FIND("]",G97)-FIND(",",G97)-1)) ) -> 14.28 | M97: =(K97-L97) -> 3.73 | N97: 6.3 | O97: 0 | P97: 64 | Q97: 19 | R97: 6 | S97: 14.61 | T97: -14.61 | U97: 2.06 | V97: 46.16 | W97: 10.51 | X97: 25.14 | Y97: 5.77 | Z97: 24.59 | AA97: -2.13 | AB97: 12.06 | AC97: -69.69 | AD97: 160 | AE97: 1460 | AF97: 13.4 | AG97: 0.15 | AH97: 12.63 | AI97: 151.4 | AJ97: 60 | AK97: 9 | AL97: 9 | AM97: 0.05 | AN97: 96 | AO97: 96.44 | AP97: 266172.89 | AQ97: 172101.2 | AR97: 20230124-095935_89d5ff91-35ad-4314-abce-6b658a065714 | AT97: =(AP97-AQ97)/(365*24*2) -> 5.3693887
A98: 0 | B98: 6 | C98: 218.09 | D98: 7.8 | E98: [0.0, 0.92] | F98: [14.5, 13.36] | G98: [0.0, 0.0] | H98: [0.95, 0.73] | I98: 0 | J98: 35 | K98: =IF(E98=0,0, VALUE(MID(E98,2,FIND(",",E98)-2))+ VALUE(MID(F98,2,FIND(",",F98)-2))+ VALUE(MID(G98,2,FIND(",",G98)-2)) ) -> 14.5 | L98: =IF(E98=0,0, VALUE(MID(E98,FIND(",",E98)+1,FIND("]",E98)-FIND(",",E98)-1))+ VALUE(MID(F98,FIND(",",F98)+1,FIND("]",F98)-FIND(",",F98)-1))+ VALUE(MID(G98,FIND(",",G98)+1,FIND("]",G98)-FIND(",",G98)-1)) ) -> 14.28 | M98: =(K98-L98) -> 0.22 | N98: 6.3 | O98: 0 | P98: 55 | Q98: 19.9 | R98: 6 | S98: 14.27 | T98: -14.27 | U98: 6.23 | V98: 139.58 | W98: 31.78 | X98: 76.02 | Y98: 17.45 | Z98: 19.8 | AA98: -1.22 | AB98: 10.24 | AC98: -72.52 | AD98: 160 | AE98: 1460 | AF98: 13.4 | AG98: 0.15 | AH98: 2.56 | AI98: 151.4 | AJ98: 60 | AK98: 9 | AL98: 9 | AM98: 0.05 | AN98: 96 | AO98: 96.44 | AP98: 187574.62 | AQ98: 172101.2 | AR98: 20230124-095935_4cd73326-6dab-4779-98ad-7d33e9c33b05 | AT98: =(AP98-AQ98)/(365*24*2) -> 0.88318607
A99: 0 | B99: 6 | C99: 71.48 | D99: 7.8 | E99: [0.0, 0.92] | F99: [18.09, 13.36] | G99: [0.0, 0.0] | H99: [4.54, 0.73] | I99: 0 | J99: 35 | K99: =IF(E99=0,0, VALUE(MID(E99,2,FIND(",",E99)-2))+ VALUE(MID(F99,2,FIND(",",F99)-2))+ VALUE(MID(G99,2,FIND(",",G99)-2)) ) -> 18.09 | L99: =IF(E99=0,0, VALUE(MID(E99,FIND(",",E99)+1,FIND("]",E99)-FIND(",",E99)-1))+ VALUE(MID(F99,FIND(",",F99)+1,FIND("]",F99)-FIND(",",F99)-1))+ VALUE(MID(G99,FIND(",",G99)+1,FIND("]",G99)-FIND(",",G99)-1)) ) -> 14.28 | M99: =(K99-L99) -> 3.81 | N99: 6.3 | O99: 0 | P99: 60 | Q99: 19.8 | R99: 6 | S99: 14.83 | T99: -14.83 | U99: 2.04 | V99: 45.75 | W99: 10.42 | X99: 24.92 | Y99: 5.72 | Z99: 24.7 | AA99: -2.14 | AB99: 12.08 | AC99: -67.95 | AD99: 160 | AE99: 1460 | AF99: 13.4 | AG99: 0.15 | AH99: 12.86 | AI99: 151.4 | AJ99: 60 | AK99: 9 | AL99: 9 | AM99: 0.05 | AN99: 96 | AO99: 96.44 | AP99: 268001.84 | AQ99: 172101.2 | AR99: 20230124-095935_35b24cbd-062e-44cc-a5d8-1910fae5acf0 | AT99: =(AP99-AQ99)/(365*24*2) -> 5.4737808
A100: 0 | B100: 6 | C100: 78.19 | D100: 7.8 | E100: [0.0, 0.92] | F100: [17.38, 13.36] | G100: [0.0, 0.0] | H100: [3.83, 0.73] | I100: 0 | J100: 35 | K100: =IF(E100=0,0, VALUE(MID(E100,2,FIND(",",E100)-2))+ VALUE(MID(F100,2,FIND(",",F100)-2))+ VALUE(MID(G100,2,FIND(",",G100)-2)) ) -> 17.38 | L100: =IF(E100=0,0, VALUE(MID(E100,FIND(",",E100)+1,FIND("]",E100)-FIND(",",E100)-1))+ VALUE(MID(F100,FIND(",",F100)+1,FIND("]",F100)-FIND(",",F100)-1))+ VALUE(MID(G100,FIND(",",G100)+1,FIND("]",G100)-FIND(",",G100)-1)) ) -> 14.28 | M100: =(K100-L100) -> 3.1 | N100: 6.3 | O100: 0 | P100: 57 | Q100: 20.3 | R100: 6 | S100: 14.89 | T100: -14.89 | U100: 2.23 | V100: 50.04 | W100: 11.39 | X100: 27.25 | Y100: 6.26 | Z100: 23.73 | AA100: -2.07 | AB100: 11.93 | AC100: -67.51 | AD100: 160 | AE100: 1460 | AF100: 13.4 | AG100: 0.15 | AH100: 10.86 | AI100: 151.4 | AJ100: 60 | AK100: 9 | AL100: 9 | AM100: 0.05 | AN100: 96 | AO100: 96.44 | AP100: 252065.86 | AQ100: 172101.2 | AR100: 20230124-095935_3897b219-8b17-4a3f-bd24-6e67bb568b89 | AT100: =(AP100-AQ100)/(365*24*2) -> 4.5641929
A101: 0 | B101: 0 | C101: 0 | D101: 0 | E101: 0 | F101: 0 | G101: 0 | H101: 0 | I101: 0 | J101: 0 | K101: =IF(E101=0,0, VALUE(MID(E101,2,FIND(",",E101)-2))+ VALUE(MID(F101,2,FIND(",",F101)-2))+ VALUE(MID(G101,2,FIND(",",G101)-2)) ) -> 0 | L101: =IF(E101=0,0, VALUE(MID(E101,FIND(",",E101)+1,FIND("]",E101)-FIND(",",E101)-1))+ VALUE(MID(F101,FIND(",",F101)+1,FIND("]",F101)-FIND(",",F101)-1))+ VALUE(MID(G101,FIND(",",G101)+1,FIND("]",G101)-FIND(",",G101)-1)) ) -> 0 | M101: =(K101-L101) -> 0 | N101: 0 | O101: 0 | P101: 0 | Q101: 0 | R101: 0 | S101: 0 | T101: 0 | U101: 0 | V101: 0 | W101: 0 | X101: 0 | Y101: 0 | Z101: 0 | AA101: 0 | AB101: 0 | AC101: 0 | AD101: 0 | AE101: 0 | AF101: 0 | AG101: 0 | AH101: 0 | AI101: 0 | AJ101: 0 | AK101: 0 | AL101: 0 | AM101: 0 | AN101: 0 | AO101: 0 | AP101: 0 | AQ101: 0 | AR101: 0 | AT101: =(AP101-AQ101)/(365*24*2) -> 0
A102: 0 | B102: 0 | C102: 0 | D102: 0 | E102: 0 | F102: 0 | G102: 0 | H102: 0 | I102: 0 | J102: 0 | K102: =IF(E102=0,0, VALUE(MID(E102,2,FIND(",",E102)-2))+ VALUE(MID(F102,2,FIND(",",F102)-2))+ VALUE(MID(G102,2,FIND(",",G102)-2)) ) -> 0 | L102: =IF(E102=0,0, VALUE(MID(E102,FIND(",",E102)+1,FIND("]",E102)-FIND(",",E102)-1))+ VALUE(MID(F102,FIND(",",F102)+1,FIND("]",F102)-FIND(",",F102)-1))+ VALUE(MID(G102,FIND(",",G102)+1,FIND("]",G102)-FIND(",",G102)-1)) ) -> 0 | M102: =(K102-L102) -> 0 | N102: 0 | O102: 0 | P102: 0 | Q102: 0 | R102: 0 | S102: 0 | T102: 0 | U102: 0 | V102: 0 | W102: 0 | X102: 0 | Y102: 0 | Z102: 0 | AA102: 0 | AB102: 0 | AC102: 0 | AD102: 0 | AE102: 0 | AF102: 0 | AG102: 0 | AH102: 0 | AI102: 0 | AJ102: 0 | AK102: 0 | AL102: 0 | AM102: 0 | AN102: 0 | AO102: 0 | AP102: 0 | AQ102: 0 | AR102: 0 | AT102: =(AP102-AQ102)/(365*24*2) -> 0
A103: 0 | B103: 0 | C103: 0 | D103: 0 | E103: 0 | F103: 0 | G103: 0 | H103: 0 | I103: 0 | J103: 0 | K103: =IF(E103=0,0, VALUE(MID(E103,2,FIND(",",E103)-2))+ VALUE(MID(F103,2,FIND(",",F103)-2))+ VALUE(MID(G103,2,FIND(",",G103)-2)) ) -> 0 | L103: =IF(E103=0,0, VALUE(MID(E103,FIND(",",E103)+1,FIND("]",E103)-FIND(",",E103)-1))+ VALUE(MID(F103,FIND(",",F103)+1,FIND("]",F103)-FIND(",",F103)-1))+ VALUE(MID(G103,FIND(",",G103)+1,FIND("]",G103)-FIND(",",G103)-1)) ) -> 0 | M103: =(K103-L103) -> 0 | N103: 0 | O103: 0 | P103: 0 | Q103: 0 | R103: 0 | S103: 0 | T103: 0 | U103: 0 | V103: 0 | W103: 0 | X103: 0 | Y103: 0 | Z103: 0 | AA103: 0 | AB103: 0 | AC103: 0 | AD103: 0 | AE103: 0 | AF103: 0 | AG103: 0 | AH103: 0 | AI103: 0 | AJ103: 0 | AK103: 0 | AL103: 0 | AM103: 0 | AN103: 0 | AO103: 0 | AP103: 0 | AQ103: 0 | AR103: 0 | AT103: =(AP103-AQ103)/(365*24*2) -> 0
A104: 0 | B104: 6 | C104: 99.25 | D104: 7.8 | E104: [0.0, 0.92] | F104: [16.15, 13.36] | G104: [0.0, 0.0] | H104: [2.61, 0.73] | I104: 0 | J104: 35 | K104: =IF(E104=0,0, VALUE(MID(E104,2,FIND(",",E104)-2))+ VALUE(MID(F104,2,FIND(",",F104)-2))+ VALUE(MID(G104,2,FIND(",",G104)-2)) ) -> 16.15 | L104: =IF(E104=0,0, VALUE(MID(E104,FIND(",",E104)+1,FIND("]",E104)-FIND(",",E104)-1))+ VALUE(MID(F104,FIND(",",F104)+1,FIND("]",F104)-FIND(",",F104)-1))+ VALUE(MID(G104,FIND(",",G104)+1,FIND("]",G104)-FIND(",",G104)-1)) ) -> 14.28 | M104: =(K104-L104) -> 1.87 | N104: 6.3 | O104: 0 | P104: 71 | Q104: 16 | R104: 6 | S104: 12.67 | T104: -12.67 | U104: 2.84 | V104: 63.52 | W104: 14.46 | X104: 34.6 | Y104: 7.94 | Z104: 22.06 | AA104: -1.87 | AB104: 11.54 | AC104: -89.99 | AD104: 160 | AE104: 1460 | AF104: 13.4 | AG104: 0.15 | AH104: 7.3 | AI104: 151.4 | AJ104: 60 | AK104: 9 | AL104: 9 | AM104: 0.05 | AN104: 96 | AO104: 96.44 | AP104: 224591.37 | AQ104: 172101.2 | AR104: 20230124-100453_763c9853-1cfd-4a90-b5a3-b7501a3b9120 | AT104: =(AP104-AQ104)/(365*24*2) -> 2.9960143
A105: 0 | B105: 6 | C105: 303.74 | D105: 7.8 | E105: [0.0, 0.92] | F105: [14.21, 13.36] | G105: [0.0, 0.0] | H105: [0.66, 0.73] | I105: 0 | J105: 35 | K105: =IF(E105=0,0, VALUE(MID(E105,2,FIND(",",E105)-2))+ VALUE(MID(F105,2,FIND(",",F105)-2))+ VALUE(MID(G105,2,FIND(",",G105)-2)) ) -> 14.21 | L105: =IF(E105=0,0, VALUE(MID(E105,FIND(",",E105)+1,FIND("]",E105)-FIND(",",E105)-1))+ VALUE(MID(F105,FIND(",",F105)+1,FIND("]",F105)-FIND(",",F105)-1))+ VALUE(MID(G105,FIND(",",G105)+1,FIND("]",G105)-FIND(",",G105)-1)) ) -> 14.28 | M105: =(K105-L105) -> -0.07 | N105: 6.3 | O105: 0 | P105: 75 | Q105: 14.9 | R105: 6 | S105: 12.08 | T105: -12.08 | U105: 8.68 | V105: 194.39 | W105: 44.26 | X105: 105.87 | Y105: 24.3 | Z105: 19.4 | AA105: -0.95 | AB105: 9.69 | AC105: -98.68 | AD105: 160 | AE105: 1460 | AF105: 13.4 | AG105: 0.15 | AH105: 1.75 | AI105: 151.4 | AJ105: 60 | AK105: 9 | AL105: 9 | AM105: 0.05 | AN105: 96 | AO105: 96.44 | AP105: 180910.28 | AQ105: 172101.2 | AR105: 20230124-100453_2b916107-52f3-4153-b9b7-5ed24d404074 | AT105: =(AP105-AQ105)/(365*24*2) -> 0.50280137
A106: 0 | B106: 0 | C106: 0 | D106: 0 | E106: 0 | F106: 0 | G106: 0 | H106: 0 | I106: 0 | J106: 0 | K106: =IF(E106=0,0, VALUE(MID(E106,2,FIND(",",E106)-2))+ VALUE(MID(F106,2,FIND(",",F106)-2))+ VALUE(MID(G106,2,FIND(",",G106)-2)) ) -> 0 | L106: =IF(E106=0,0, VALUE(MID(E106,FIND(",",E106)+1,FIND("]",E106)-FIND(",",E106)-1))+ VALUE(MID(F106,FIND(",",F106)+1,FIND("]",F106)-FIND(",",F106)-1))+ VALUE(MID(G106,FIND(",",G106)+1,FIND("]",G106)-FIND(",",G106)-1)) ) -> 0 | M106: =(K106-L106) -> 0 | N106: 0 | O106: 0 | P106: 0 | Q106: 0 | R106: 0 | S106: 0 | T106: 0 | U106: 0 | V106: 0 | W106: 0 | X106: 0 | Y106: 0 | Z106: 0 | AA106: 0 | AB106: 0 | AC106: 0 | AD106: 0 | AE106: 0 | AF106: 0 | AG106: 0 | AH106: 0 | AI106: 0 | AJ106: 0 | AK106: 0 | AL106: 0 | AM106: 0 | AN106: 0 | AO106: 0 | AP106: 0 | AQ106: 0 | AR106: 0 | AT106: =(AP106-AQ106)/(365*24*2) -> 0
A107: 0 | B107: 6 | C107: 138.86 | D107: 7.8 | E107: [0.0, 0.92] | F107: [15.2, 13.36] | G107: [0.0, 0.0] | H107: [1.65, 0.73] | I107: 0 | J107: 35 | K107: =IF(E107=0,0, VALUE(MID(E107,2,FIND(",",E107)-2))+ VALUE(MID(F107,2,FIND(",",F107)-2))+ VALUE(MID(G107,2,FIND(",",G107)-2)) ) -> 15.2 | L107: =IF(E107=0,0, VALUE(MID(E107,FIND(",",E107)+1,FIND("]",E107)-FIND(",",E107)-1))+ VALUE(MID(F107,FIND(",",F107)+1,FIND("]",F107)-FIND(",",F107)-1))+ VALUE(MID(G107,FIND(",",G107)+1,FIND("]",G107)-FIND(",",G107)-1)) ) -> 14.28 | M107: =(K107-L107) -> 0.92 | N107: 6.3 | O107: 0 | P107: 73 | Q107: 15.4 | R107: 6 | S107: 12.33 | T107: -12.33 | U107: 3.97 | V107: 88.87 | W107: 20.23 | X107: 48.4 | Y107: 11.11 | Z107: 20.75 | AA107: -1.59 | AB107: 10.98 | AC107: -94.79 | AD107: 160 | AE107: 1460 | AF107: 13.4 | AG107: 0.15 | AH107: 4.52 | AI107: 151.4 | AJ107: 60 | AK107: 9 | AL107: 9 | AM107: 0.05 | AN107: 96 | AO107: 96.44 | AP107: 203094.23 | AQ107: 172101.2 | AR107: 20230124-100453_4b24b00f-326b-4979-bd82-b7a85ef880eb | AT107: =(AP107-AQ107)/(365*24*2) -> 1.7690086
A108: 0 | B108: 0 | C108: 0 | D108: 0 | E108: 0 | F108: 0 | G108: 0 | H108: 0 | I108: 0 | J108: 0 | K108: =IF(E108=0,0, VALUE(MID(E108,2,FIND(",",E108)-2))+ VALUE(MID(F108,2,FIND(",",F108)-2))+ VALUE(MID(G108,2,FIND(",",G108)-2)) ) -> 0 | L108: =IF(E108=0,0, VALUE(MID(E108,FIND(",",E108)+1,FIND("]",E108)-FIND(",",E108)-1))+ VALUE(MID(F108,FIND(",",F108)+1,FIND("]",F108)-FIND(",",F108)-1))+ VALUE(MID(G108,FIND(",",G108)+1,FIND("]",G108)-FIND(",",G108)-1)) ) -> 0 | M108: =(K108-L108) -> 0 | N108: 0 | O108: 0 | P108: 0 | Q108: 0 | R108: 0 | S108: 0 | T108: 0 | U108: 0 | V108: 0 | W108: 0 | X108: 0 | Y108: 0 | Z108: 0 | AA108: 0 | AB108: 0 | AC108: 0 | AD108: 0 | AE108: 0 | AF108: 0 | AG108: 0 | AH108: 0 | AI108: 0 | AJ108: 0 | AK108: 0 | AL108: 0 | AM108: 0 | AN108: 0 | AO108: 0 | AP108: 0 | AQ108: 0 | AR108: 0 | AT108: =(AP108-AQ108)/(365*24*2) -> 0
A109: 0 | B109: 0 | C109: 0 | D109: 0 | E109: 0 | F109: 0 | G109: 0 | H109: 0 | I109: 0 | J109: 0 | K109: =IF(E109=0,0, VALUE(MID(E109,2,FIND(",",E109)-2))+ VALUE(MID(F109,2,FIND(",",F109)-2))+ VALUE(MID(G109,2,FIND(",",G109)-2)) ) -> 0 | L109: =IF(E109=0,0, VALUE(MID(E109,FIND(",",E109)+1,FIND("]",E109)-FIND(",",E109)-1))+ VALUE(MID(F109,FIND(",",F109)+1,FIND("]",F109)-FIND(",",F109)-1))+ VALUE(MID(G109,FIND(",",G109)+1,FIND("]",G109)-FIND(",",G109)-1)) ) -> 0 | M109: =(K109-L109) -> 0 | N109: 0 | O109: 0 | P109: 0 | Q109: 0 | R109: 0 | S109: 0 | T109: 0 | U109: 0 | V109: 0 | W109: 0 | X109: 0 | Y109: 0 | Z109: 0 | AA109: 0 | AB109: 0 | AC109: 0 | AD109: 0 | AE109: 0 | AF109: 0 | AG109: 0 | AH109: 0 | AI109: 0 | AJ109: 0 | AK109: 0 | AL109: 0 | AM109: 0 | AN109: 0 | AO109: 0 | AP109: 0 | AQ109: 0 | AR109: 0 | AT109: =(AP109-AQ109)/(365*24*2) -> 0
A110: 0 | B110: 6 | C110: 84.58 | D110: 7.8 | E110: [0.0, 0.92] | F110: [16.89, 13.36] | G110: [0.0, 0.0] | H110: [3.35, 0.73] | I110: 0 | J110: 35 | K110: =IF(E110=0,0, VALUE(MID(E110,2,FIND(",",E110)-2))+ VALUE(MID(F110,2,FIND(",",F110)-2))+ VALUE(MID(G110,2,FIND(",",G110)-2)) ) -> 16.89 | L110: =IF(E110=0,0, VALUE(MID(E110,FIND(",",E110)+1,FIND("]",E110)-FIND(",",E110)-1))+ VALUE(MID(F110,FIND(",",F110)+1,FIND("]",F110)-FIND(",",F110)-1))+ VALUE(MID(G110,FIND(",",G110)+1,FIND("]",G110)-FIND(",",G110)-1)) ) -> 14.28 | M110: =(K110-L110) -> 2.61 | N110: 6.3 | O110: 0 | P110: 72 | Q110: 16.1 | R110: 6 | S110: 12.87 | T110: -12.87 | U110: 2.42 | V110: 54.13 | W110: 12.32 | X110: 29.48 | Y110: 6.77 | Z110: 23.07 | AA110: -2 | AB110: 11.8 | AC110: -87.28 | AD110: 160 | AE110: 1460 | AF110: 13.4 | AG110: 0.15 | AH110: 9.46 | AI110: 151.4 | AJ110: 60 | AK110: 9 | AL110: 9 | AM110: 0.05 | AN110: 96 | AO110: 96.44 | AP110: 241180.02 | AQ110: 172101.2 | AR110: 20230124-100453_7abf8815-601e-4fba-9d7c-f9d63db1f3fd | AT110: =(AP110-AQ110)/(365*24*2) -> 3.942855
A111: 0 | B111: 0 | C111: 0 | D111: 0 | E111: 0 | F111: 0 | G111: 0 | H111: 0 | I111: 0 | J111: 0 | K111: =IF(E111=0,0, VALUE(MID(E111,2,FIND(",",E111)-2))+ VALUE(MID(F111,2,FIND(",",F111)-2))+ VALUE(MID(G111,2,FIND(",",G111)-2)) ) -> 0 | L111: =IF(E111=0,0, VALUE(MID(E111,FIND(",",E111)+1,FIND("]",E111)-FIND(",",E111)-1))+ VALUE(MID(F111,FIND(",",F111)+1,FIND("]",F111)-FIND(",",F111)-1))+ VALUE(MID(G111,FIND(",",G111)+1,FIND("]",G111)-FIND(",",G111)-1)) ) -> 0 | M111: =(K111-L111) -> 0 | N111: 0 | O111: 0 | P111: 0 | Q111: 0 | R111: 0 | S111: 0 | T111: 0 | U111: 0 | V111: 0 | W111: 0 | X111: 0 | Y111: 0 | Z111: 0 | AA111: 0 | AB111: 0 | AC111: 0 | AD111: 0 | AE111: 0 | AF111: 0 | AG111: 0 | AH111: 0 | AI111: 0 | AJ111: 0 | AK111: 0 | AL111: 0 | AM111: 0 | AN111: 0 | AO111: 0 | AP111: 0 | AQ111: 0 | AR111: 0 | AT111: =(AP111-AQ111)/(365*24*2) -> 0
A112: 0 | B112: 0 | C112: 0 | D112: 0 | E112: 0 | F112: 0 | G112: 0 | H112: 0 | I112: 0 | J112: 0 | K112: =IF(E112=0,0, VALUE(MID(E112,2,FIND(",",E112)-2))+ VALUE(MID(F112,2,FIND(",",F112)-2))+ VALUE(MID(G112,2,FIND(",",G112)-2)) ) -> 0 | L112: =IF(E112=0,0, VALUE(MID(E112,FIND(",",E112)+1,FIND("]",E112)-FIND(",",E112)-1))+ VALUE(MID(F112,FIND(",",F112)+1,FIND("]",F112)-FIND(",",F112)-1))+ VALUE(MID(G112,FIND(",",G112)+1,FIND("]",G112)-FIND(",",G112)-1)) ) -> 0 | M112: =(K112-L112) -> 0 | N112: 0 | O112: 0 | P112: 0 | Q112: 0 | R112: 0 | S112: 0 | T112: 0 | U112: 0 | V112: 0 | W112: 0 | X112: 0 | Y112: 0 | Z112: 0 | AA112: 0 | AB112: 0 | AC112: 0 | AD112: 0 | AE112: 0 | AF112: 0 | AG112: 0 | AH112: 0 | AI112: 0 | AJ112: 0 | AK112: 0 | AL112: 0 | AM112: 0 | AN112: 0 | AO112: 0 | AP112: 0 | AQ112: 0 | AR112: 0 | AT112: =(AP112-AQ112)/(365*24*2) -> 0
A113: 0 | B113: 0 | C113: 0 | D113: 0 | E113: 0 | F113: 0 | G113: 0 | H113: 0 | I113: 0 | J113: 0 | K113: =IF(E113=0,0, VALUE(MID(E113,2,FIND(",",E113)-2))+ VALUE(MID(F113,2,FIND(",",F113)-2))+ VALUE(MID(G113,2,FIND(",",G113)-2)) ) -> 0 | L113: =IF(E113=0,0, VALUE(MID(E113,FIND(",",E113)+1,FIND("]",E113)-FIND(",",E113)-1))+ VALUE(MID(F113,FIND(",",F113)+1,FIND("]",F113)-FIND(",",F113)-1))+ VALUE(MID(G113,FIND(",",G113)+1,FIND("]",G113)-FIND(",",G113)-1)) ) -> 0 | M113: =(K113-L113) -> 0 | N113: 0 | O113: 0 | P113: 0 | Q113: 0 | R113: 0 | S113: 0 | T113: 0 | U113: 0 | V113: 0 | W113: 0 | X113: 0 | Y113: 0 | Z113: 0 | AA113: 0 | AB113: 0 | AC113: 0 | AD113: 0 | AE113: 0 | AF113: 0 | AG113: 0 | AH113: 0 | AI113: 0 | AJ113: 0 | AK113: 0 | AL113: 0 | AM113: 0 | AN113: 0 | AO113: 0 | AP113: 0 | AQ113: 0 | AR113: 0 | AT113: =(AP113-AQ113)/(365*24*2) -> 0
A114: 0 | B114: 0 | C114: 0 | D114: 0 | E114: 0 | F114: 0 | G114: 0 | H114: 0 | I114: 0 | J114: 0 | K114: =IF(E114=0,0, VALUE(MID(E114,2,FIND(",",E114)-2))+ VALUE(MID(F114,2,FIND(",",F114)-2))+ VALUE(MID(G114,2,FIND(",",G114)-2)) ) -> 0 | L114: =IF(E114=0,0, VALUE(MID(E114,FIND(",",E114)+1,FIND("]",E114)-FIND(",",E114)-1))+ VALUE(MID(F114,FIND(",",F114)+1,FIND("]",F114)-FIND(",",F114)-1))+ VALUE(MID(G114,FIND(",",G114)+1,FIND("]",G114)-FIND(",",G114)-1)) ) -> 0 | M114: =(K114-L114) -> 0 | N114: 0 | O114: 0 | P114: 0 | Q114: 0 | R114: 0 | S114: 0 | T114: 0 | U114: 0 | V114: 0 | W114: 0 | X114: 0 | Y114: 0 | Z114: 0 | AA114: 0 | AB114: 0 | AC114: 0 | AD114: 0 | AE114: 0 | AF114: 0 | AG114: 0 | AH114: 0 | AI114: 0 | AJ114: 0 | AK114: 0 | AL114: 0 | AM114: 0 | AN114: 0 | AO114: 0 | AP114: 0 | AQ114: 0 | AR114: 0 | AT114: =(AP114-AQ114)/(365*24*2) -> 0
A115: 0 | B115: 0 | C115: 0 | D115: 0 | E115: 0 | F115: 0 | G115: 0 | H115: 0 | I115: 0 | J115: 0 | K115: =IF(E115=0,0, VALUE(MID(E115,2,FIND(",",E115)-2))+ VALUE(MID(F115,2,FIND(",",F115)-2))+ VALUE(MID(G115,2,FIND(",",G115)-2)) ) -> 0 | L115: =IF(E115=0,0, VALUE(MID(E115,FIND(",",E115)+1,FIND("]",E115)-FIND(",",E115)-1))+ VALUE(MID(F115,FIND(",",F115)+1,FIND("]",F115)-FIND(",",F115)-1))+ VALUE(MID(G115,FIND(",",G115)+1,FIND("]",G115)-FIND(",",G115)-1)) ) -> 0 | M115: =(K115-L115) -> 0 | N115: 0 | O115: 0 | P115: 0 | Q115: 0 | R115: 0 | S115: 0 | T115: 0 | U115: 0 | V115: 0 | W115: 0 | X115: 0 | Y115: 0 | Z115: 0 | AA115: 0 | AB115: 0 | AC115: 0 | AD115: 0 | AE115: 0 | AF115: 0 | AG115: 0 | AH115: 0 | AI115: 0 | AJ115: 0 | AK115: 0 | AL115: 0 | AM115: 0 | AN115: 0 | AO115: 0 | AP115: 0 | AQ115: 0 | AR115: 0 | AT115: =(AP115-AQ115)/(365*24*2) -> 0
A116: 0 | B116: 0 | C116: 0 | D116: 0 | E116: 0 | F116: 0 | G116: 0 | H116: 0 | I116: 0 | J116: 0 | K116: =IF(E116=0,0, VALUE(MID(E116,2,FIND(",",E116)-2))+ VALUE(MID(F116,2,FIND(",",F116)-2))+ VALUE(MID(G116,2,FIND(",",G116)-2)) ) -> 0 | L116: =IF(E116=0,0, VALUE(MID(E116,FIND(",",E116)+1,FIND("]",E116)-FIND(",",E116)-1))+ VALUE(MID(F116,FIND(",",F116)+1,FIND("]",F116)-FIND(",",F116)-1))+ VALUE(MID(G116,FIND(",",G116)+1,FIND("]",G116)-FIND(",",G116)-1)) ) -> 0 | M116: =(K116-L116) -> 0 | N116: 0 | O116: 0 | P116: 0 | Q116: 0 | R116: 0 | S116: 0 | T116: 0 | U116: 0 | V116: 0 | W116: 0 | X116: 0 | Y116: 0 | Z116: 0 | AA116: 0 | AB116: 0 | AC116: 0 | AD116: 0 | AE116: 0 | AF116: 0 | AG116: 0 | AH116: 0 | AI116: 0 | AJ116: 0 | AK116: 0 | AL116: 0 | AM116: 0 | AN116: 0 | AO116: 0 | AP116: 0 | AQ116: 0 | AR116: 0 | AT116: =(AP116-AQ116)/(365*24*2) -> 0
A117: 0 | B117: 0 | C117: 0 | D117: 0 | E117: 0 | F117: 0 | G117: 0 | H117: 0 | I117: 0 | J117: 0 | K117: =IF(E117=0,0, VALUE(MID(E117,2,FIND(",",E117)-2))+ VALUE(MID(F117,2,FIND(",",F117)-2))+ VALUE(MID(G117,2,FIND(",",G117)-2)) ) -> 0 | L117: =IF(E117=0,0, VALUE(MID(E117,FIND(",",E117)+1,FIND("]",E117)-FIND(",",E117)-1))+ VALUE(MID(F117,FIND(",",F117)+1,FIND("]",F117)-FIND(",",F117)-1))+ VALUE(MID(G117,FIND(",",G117)+1,FIND("]",G117)-FIND(",",G117)-1)) ) -> 0 | M117: =(K117-L117) -> 0 | N117: 0 | O117: 0 | P117: 0 | Q117: 0 | R117: 0 | S117: 0 | T117: 0 | U117: 0 | V117: 0 | W117: 0 | X117: 0 | Y117: 0 | Z117: 0 | AA117: 0 | AB117: 0 | AC117: 0 | AD117: 0 | AE117: 0 | AF117: 0 | AG117: 0 | AH117: 0 | AI117: 0 | AJ117: 0 | AK117: 0 | AL117: 0 | AM117: 0 | AN117: 0 | AO117: 0 | AP117: 0 | AQ117: 0 | AR117: 0 | AT117: =(AP117-AQ117)/(365*24*2) -> 0
A118: 0 | B118: 0 | C118: 0 | D118: 0 | E118: 0 | F118: 0 | G118: 0 | H118: 0 | I118: 0 | J118: 0 | K118: =IF(E118=0,0, VALUE(MID(E118,2,FIND(",",E118)-2))+ VALUE(MID(F118,2,FIND(",",F118)-2))+ VALUE(MID(G118,2,FIND(",",G118)-2)) ) -> 0 | L118: =IF(E118=0,0, VALUE(MID(E118,FIND(",",E118)+1,FIND("]",E118)-FIND(",",E118)-1))+ VALUE(MID(F118,FIND(",",F118)+1,FIND("]",F118)-FIND(",",F118)-1))+ VALUE(MID(G118,FIND(",",G118)+1,FIND("]",G118)-FIND(",",G118)-1)) ) -> 0 | M118: =(K118-L118) -> 0 | N118: 0 | O118: 0 | P118: 0 | Q118: 0 | R118: 0 | S118: 0 | T118: 0 | U118: 0 | V118: 0 | W118: 0 | X118: 0 | Y118: 0 | Z118: 0 | AA118: 0 | AB118: 0 | AC118: 0 | AD118: 0 | AE118: 0 | AF118: 0 | AG118: 0 | AH118: 0 | AI118: 0 | AJ118: 0 | AK118: 0 | AL118: 0 | AM118: 0 | AN118: 0 | AO118: 0 | AP118: 0 | AQ118: 0 | AR118: 0 | AT118: =(AP118-AQ118)/(365*24*2) -> 0
A119: 0 | B119: 0 | C119: 0 | D119: 0 | E119: 0 | F119: 0 | G119: 0 | H119: 0 | I119: 0 | J119: 0 | K119: =IF(E119=0,0, VALUE(MID(E119,2,FIND(",",E119)-2))+ VALUE(MID(F119,2,FIND(",",F119)-2))+ VALUE(MID(G119,2,FIND(",",G119)-2)) ) -> 0 | L119: =IF(E119=0,0, VALUE(MID(E119,FIND(",",E119)+1,FIND("]",E119)-FIND(",",E119)-1))+ VALUE(MID(F119,FIND(",",F119)+1,FIND("]",F119)-FIND(",",F119)-1))+ VALUE(MID(G119,FIND(",",G119)+1,FIND("]",G119)-FIND(",",G119)-1)) ) -> 0 | M119: =(K119-L119) -> 0 | N119: 0 | O119: 0 | P119: 0 | Q119: 0 | R119: 0 | S119: 0 | T119: 0 | U119: 0 | V119: 0 | W119: 0 | X119: 0 | Y119: 0 | Z119: 0 | AA119: 0 | AB119: 0 | AC119: 0 | AD119: 0 | AE119: 0 | AF119: 0 | AG119: 0 | AH119: 0 | AI119: 0 | AJ119: 0 | AK119: 0 | AL119: 0 | AM119: 0 | AN119: 0 | AO119: 0 | AP119: 0 | AQ119: 0 | AR119: 0 | AT119: =(AP119-AQ119)/(365*24*2) -> 0
A120: 0 | B120: 0 | C120: 0 | D120: 0 | E120: 0 | F120: 0 | G120: 0 | H120: 0 | I120: 0 | J120: 0 | K120: =IF(E120=0,0, VALUE(MID(E120,2,FIND(",",E120)-2))+ VALUE(MID(F120,2,FIND(",",F120)-2))+ VALUE(MID(G120,2,FIND(",",G120)-2)) ) -> 0 | L120: =IF(E120=0,0, VALUE(MID(E120,FIND(",",E120)+1,FIND("]",E120)-FIND(",",E120)-1))+ VALUE(MID(F120,FIND(",",F120)+1,FIND("]",F120)-FIND(",",F120)-1))+ VALUE(MID(G120,FIND(",",G120)+1,FIND("]",G120)-FIND(",",G120)-1)) ) -> 0 | M120: =(K120-L120) -> 0 | N120: 0 | O120: 0 | P120: 0 | Q120: 0 | R120: 0 | S120: 0 | T120: 0 | U120: 0 | V120: 0 | W120: 0 | X120: 0 | Y120: 0 | Z120: 0 | AA120: 0 | AB120: 0 | AC120: 0 | AD120: 0 | AE120: 0 | AF120: 0 | AG120: 0 | AH120: 0 | AI120: 0 | AJ120: 0 | AK120: 0 | AL120: 0 | AM120: 0 | AN120: 0 | AO120: 0 | AP120: 0 | AQ120: 0 | AR120: 0 | AT120: =(AP120-AQ120)/(365*24*2) -> 0
A121: 0 | B121: 0 | C121: 0 | D121: 0 | E121: 0 | F121: 0 | G121: 0 | H121: 0 | I121: 0 | J121: 0 | K121: =IF(E121=0,0, VALUE(MID(E121,2,FIND(",",E121)-2))+ VALUE(MID(F121,2,FIND(",",F121)-2))+ VALUE(MID(G121,2,FIND(",",G121)-2)) ) -> 0 | L121: =IF(E121=0,0, VALUE(MID(E121,FIND(",",E121)+1,FIND("]",E121)-FIND(",",E121)-1))+ VALUE(MID(F121,FIND(",",F121)+1,FIND("]",F121)-FIND(",",F121)-1))+ VALUE(MID(G121,FIND(",",G121)+1,FIND("]",G121)-FIND(",",G121)-1)) ) -> 0 | M121: =(K121-L121) -> 0 | N121: 0 | O121: 0 | P121: 0 | Q121: 0 | R121: 0 | S121: 0 | T121: 0 | U121: 0 | V121: 0 | W121: 0 | X121: 0 | Y121: 0 | Z121: 0 | AA121: 0 | AB121: 0 | AC121: 0 | AD121: 0 | AE121: 0 | AF121: 0 | AG121: 0 | AH121: 0 | AI121: 0 | AJ121: 0 | AK121: 0 | AL121: 0 | AM121: 0 | AN121: 0 | AO121: 0 | AP121: 0 | AQ121: 0 | AR121: 0 | AT121: =(AP121-AQ121)/(365*24*2) -> 0
A122: 0 | B122: 0 | C122: 0 | D122: 0 | E122: 0 | F122: 0 | G122: 0 | H122: 0 | I122: 0 | J122: 0 | K122: =IF(E122=0,0, VALUE(MID(E122,2,FIND(",",E122)-2))+ VALUE(MID(F122,2,FIND(",",F122)-2))+ VALUE(MID(G122,2,FIND(",",G122)-2)) ) -> 0 | L122: =IF(E122=0,0, VALUE(MID(E122,FIND(",",E122)+1,FIND("]",E122)-FIND(",",E122)-1))+ VALUE(MID(F122,FIND(",",F122)+1,FIND("]",F122)-FIND(",",F122)-1))+ VALUE(MID(G122,FIND(",",G122)+1,FIND("]",G122)-FIND(",",G122)-1)) ) -> 0 | M122: =(K122-L122) -> 0 | N122: 0 | O122: 0 | P122: 0 | Q122: 0 | R122: 0 | S122: 0 | T122: 0 | U122: 0 | V122: 0 | W122: 0 | X122: 0 | Y122: 0 | Z122: 0 | AA122: 0 | AB122: 0 | AC122: 0 | AD122: 0 | AE122: 0 | AF122: 0 | AG122: 0 | AH122: 0 | AI122: 0 | AJ122: 0 | AK122: 0 | AL122: 0 | AM122: 0 | AN122: 0 | AO122: 0 | AP122: 0 | AQ122: 0 | AR122: 0 | AT122: =(AP122-AQ122)/(365*24*2) -> 0
... A127: 0 | B127: 0 | C127: 0 | D127: 0 | E127: 0 | F127: 0 | G127: 0 | H127: 0 | I127: 0 | J127: 0 | K127: =IF(E127=0,0, VALUE(MID(E127,2,FIND(",",E127)-2))+ VALUE(MID(F127,2,FIND(",",F127)-2))+ VALUE(MID(G127,2,FIND(",",G127)-2)) ) -> 0 | L127: =IF(E127=0,0, VALUE(MID(E127,FIND(",",E127)+1,FIND("]",E127)-FIND(",",E127)-1))+ VALUE(MID(F127,FIND(",",F127)+1,FIND("]",F127)-FIND(",",F127)-1))+ VALUE(MID(G127,FIND(",",G127)+1,FIND("]",G127)-FIND(",",G127)-1)) ) -> 0 | M127: =(K127-L127) -> 0 | N127: 0 | O127: 0 | P127: 0 | Q127: 0 | R127: 0 | S127: 0 | T127: 0 | U127: 0 | V127: 0 | W127: 0 | X127: 0 | Y127: 0 | Z127: 0 | AA127: 0 | AB127: 0 | AC127: 0 | AD127: 0 | AE127: 0 | AF127: 0 | AG127: 0 | AH127: 0 | AI127: 0 | AJ127: 0 | AK127: 0 | AL127: 0 | AM127: 0 | AN127: 0 | AO127: 0 | AP127: 0 | AQ127: 0 | AR127: 0 | AT127: =(AP127-AQ127)/(365*24*2) -> 0
A128: 0 | B128: 6 | C128: 112.65 | D128: 7.8 | E128: [0.0, 0.92] | F128: [15.72, 13.36] | G128: [0.0, 0.0] | H128: [2.17, 0.73] | I128: 0 | J128: 35 | K128: =IF(E128=0,0, VALUE(MID(E128,2,FIND(",",E128)-2))+ VALUE(MID(F128,2,FIND(",",F128)-2))+ VALUE(MID(G128,2,FIND(",",G128)-2)) ) -> 15.72 | L128: =IF(E128=0,0, VALUE(MID(E128,FIND(",",E128)+1,FIND("]",E128)-FIND(",",E128)-1))+ VALUE(MID(F128,FIND(",",F128)+1,FIND("]",F128)-FIND(",",F128)-1))+ VALUE(MID(G128,FIND(",",G128)+1,FIND("]",G128)-FIND(",",G128)-1)) ) -> 14.28 | M128: =(K128-L128) -> 1.44 | N128: 6.3 | O128: 0 | P128: 51 | Q128: 20.4 | R128: 6 | S128: 14.18 | T128: -14.18 | U128: 3.22 | V128: 72.1 | W128: 16.41 | X128: 39.27 | Y128: 9.01 | Z128: 21.47 | AA128: -1.76 | AB128: 11.33 | AC128: -73.36 | AD128: 160 | AE128: 1460 | AF128: 13.4 | AG128: 0.15 | AH128: 6.04 | AI128: 151.4 | AJ128: 60 | AK128: 9 | AL128: 9 | AM128: 0.05 | AN128: 96 | AO128: 96.44 | AP128: 214917.95 | AQ128: 172101.2 | AR128: 20230124-101016_d50c42c9-2b63-4e06-875a-225f5e389e5d | AT128: =(AP128-AQ128)/(365*24*2) -> 2.4438784
A129: 0 | B129: 6 | C129: 761.66 | D129: 7.8 | E129: [0.0, 0.0] | F129: [13.8, 13.8] | G129: [0.0, 0.0] | H129: [0.25, 0.25] | I129: 0 | J129: 35 | K129: =IF(E129=0,0, VALUE(MID(E129,2,FIND(",",E129)-2))+ VALUE(MID(F129,2,FIND(",",F129)-2))+ VALUE(MID(G129,2,FIND(",",G129)-2)) ) -> 13.8 | L129: =IF(E129=0,0, VALUE(MID(E129,FIND(",",E129)+1,FIND("]",E129)-FIND(",",E129)-1))+ VALUE(MID(F129,FIND(",",F129)+1,FIND("]",F129)-FIND(",",F129)-1))+ VALUE(MID(G129,FIND(",",G129)+1,FIND("]",G129)-FIND(",",G129)-1)) ) -> 13.8 | M129: =(K129-L129) -> 0 | N129: 6.3 | O129: 0 | P129: 55 | Q129: 19.4 | R129: 6 | S129: 13.83 | T129: -13.83 | U129: 21.76 | V129: 487.46 | W129: 110.98 | X129: 265.49 | Y129: 60.93 | Z129: 55.8 | AA129: -0.19 | AB129: 8.17 | AC129: -76.6 | AD129: 160 | AE129: 1460 | AF129: 13.4 | AG129: 0.15 | AH129: 0.65 | AI129: 448.46 | AJ129: 60 | AK129: 9 | AL129: 9 | AM129: 0.02 | AN129: 96 | AO129: 96.15 | AP129: 171707.11 | AQ129: 171707.11 | AR129: 20230124-101016_97304302-6dc0-445b-99ec-3108bc71f6fc | AT129: =(AP129-AQ129)/(365*24*2) -> 0
A130: 0 | B130: 6 | C130: 77.4 | D130: 7.8 | E130: [0.0, 0.0] | F130: [17.45, 17.45] | G130: [0.0, 0.0] | H130: [3.9, 3.9] | I130: 0 | J130: 35 | K130: =IF(E130=0,0, VALUE(MID(E130,2,FIND(",",E130)-2))+ VALUE(MID(F130,2,FIND(",",F130)-2))+ VALUE(MID(G130,2,FIND(",",G130)-2)) ) -> 17.45 | L130: =IF(E130=0,0, VALUE(MID(E130,FIND(",",E130)+1,FIND("]",E130)-FIND(",",E130)-1))+ VALUE(MID(F130,FIND(",",F130)+1,FIND("]",F130)-FIND(",",F130)-1))+ VALUE(MID(G130,FIND(",",G130)+1,FIND("]",G130)-FIND(",",G130)-1)) ) -> 17.45 | M130: =(K130-L130) -> 0 | N130: 6.3 | O130: 0 | P130: 48 | Q130: 21.5 | R130: 6 | S130: 14.71 | T130: -14.71 | U130: 2.21 | V130: 49.54 | W130: 11.28 | X130: 26.98 | Y130: 6.19 | Z130: 4.47 | AA130: -2.07 | AB130: 11.95 | AC130: -68.91 | AD130: 160 | AE130: 1460 | AF130: 13.4 | AG130: 0.15 | AH130: 11.06 | AI130: 28.42 | AJ130: 60 | AK130: 9 | AL130: 9 | AM130: 0.26 | AN130: 96 | AO130: 98.34 | AP130: 253648.4 | AQ130: 253648.4 | AR130: 20230124-101016_61caf477-6352-4fbe-bd64-c185b9f89515 | AT130: =(AP130-AQ130)/(365*24*2) -> 0
A131: 0 | B131: 0 | C131: 0 | D131: 0 | E131: 0 | F131: 0 | G131: 0 | H131: 0 | I131: 0 | J131: 0 | K131: =IF(E131=0,0, VALUE(MID(E131,2,FIND(",",E131)-2))+ VALUE(MID(F131,2,FIND(",",F131)-2))+ VALUE(MID(G131,2,FIND(",",G131)-2)) ) -> 0 | L131: =IF(E131=0,0, VALUE(MID(E131,FIND(",",E131)+1,FIND("]",E131)-FIND(",",E131)-1))+ VALUE(MID(F131,FIND(",",F131)+1,FIND("]",F131)-FIND(",",F131)-1))+ VALUE(MID(G131,FIND(",",G131)+1,FIND("]",G131)-FIND(",",G131)-1)) ) -> 0 | M131: =(K131-L131) -> 0 | N131: 0 | O131: 0 | P131: 0 | Q131: 0 | R131: 0 | S131: 0 | T131: 0 | U131: 0 | V131: 0 | W131: 0 | X131: 0 | Y131: 0 | Z131: 0 | AA131: 0 | AB131: 0 | AC131: 0 | AD131: 0 | AE131: 0 | AF131: 0 | AG131: 0 | AH131: 0 | AI131: 0 | AJ131: 0 | AK131: 0 | AL131: 0 | AM131: 0 | AN131: 0 | AO131: 0 | AP131: 0 | AQ131: 0 | AR131: 0 | AT131: =(AP131-AQ131)/(365*24*2) -> 0
A132: 0 | B132: 0 | C132: 0 | D132: 0 | E132: 0 | F132: 0 | G132: 0 | H132: 0 | I132: 0 | J132: 0 | K132: =IF(E132=0,0, VALUE(MID(E132,2,FIND(",",E132)-2))+ VALUE(MID(F132,2,FIND(",",F132)-2))+ VALUE(MID(G132,2,FIND(",",G132)-2)) ) -> 0 | L132: =IF(E132=0,0, VALUE(MID(E132,FIND(",",E132)+1,FIND("]",E132)-FIND(",",E132)-1))+ VALUE(MID(F132,FIND(",",F132)+1,FIND("]",F132)-FIND(",",F132)-1))+ VALUE(MID(G132,FIND(",",G132)+1,FIND("]",G132)-FIND(",",G132)-1)) ) -> 0 | M132: =(K132-L132) -> 0 | N132: 0 | O132: 0 | P132: 0 | Q132: 0 | R132: 0 | S132: 0 | T132: 0 | U132: 0 | V132: 0 | W132: 0 | X132: 0 | Y132: 0 | Z132: 0 | AA132: 0 | AB132: 0 | AC132: 0 | AD132: 0 | AE132: 0 | AF132: 0 | AG132: 0 | AH132: 0 | AI132: 0 | AJ132: 0 | AK132: 0 | AL132: 0 | AM132: 0 | AN132: 0 | AO132: 0 | AP132: 0 | AQ132: 0 | AR132: 0 | AT132: =(AP132-AQ132)/(365*24*2) -> 0
A133: 0 | B133: 6 | C133: 72.65 | D133: 7.8 | E133: [0.0, 0.92] | F133: [17.95, 13.36] | G133: [0.0, 0.0] | H133: [4.4, 0.73] | I133: 0 | J133: 35 | K133: =IF(E133=0,0, VALUE(MID(E133,2,FIND(",",E133)-2))+ VALUE(MID(F133,2,FIND(",",F133)-2))+ VALUE(MID(G133,2,FIND(",",G133)-2)) ) -> 17.95 | L133: =IF(E133=0,0, VALUE(MID(E133,FIND(",",E133)+1,FIND("]",E133)-FIND(",",E133)-1))+ VALUE(MID(F133,FIND(",",F133)+1,FIND("]",F133)-FIND(",",F133)-1))+ VALUE(MID(G133,FIND(",",G133)+1,FIND("]",G133)-FIND(",",G133)-1)) ) -> 14.28 | M133: =(K133-L133) -> 3.67 | N133: 6.3 | O133: 0 | P133: 47 | Q133: 21.8 | R133: 6 | S133: 14.82 | T133: -14.82 | U133: 2.08 | V133: 46.5 | W133: 10.59 | X133: 25.33 | Y133: 5.81 | Z133: 24.5 | AA133: -2.13 | AB133: 12.05 | AC133: -68.04 | AD133: 160 | AE133: 1460 | AF133: 13.4 | AG133: 0.15 | AH133: 12.46 | AI133: 151.4 | AJ133: 60 | AK133: 9 | AL133: 9 | AM133: 0.05 | AN133: 96 | AO133: 96.44 | AP133: 264750.54 | AQ133: 172101.2 | AR133: 20230124-101016_29694bd8-ac0d-4653-be9f-8b8a5d2ba567 | AT133: =(AP133-AQ133)/(365*24*2) -> 5.2882043
A134: 0 | B134: 6 | C134: 174.23 | D134: 7.8 | E134: [0.0, 0.92] | F134: [14.79, 13.36] | G134: [0.0, 0.0] | H134: [1.24, 0.73] | I134: 0 | J134: 35 | K134: =IF(E134=0,0, VALUE(MID(E134,2,FIND(",",E134)-2))+ VALUE(MID(F134,2,FIND(",",F134)-2))+ VALUE(MID(G134,2,FIND(",",G134)-2)) ) -> 14.79 | L134: =IF(E134=0,0, VALUE(MID(E134,FIND(",",E134)+1,FIND("]",E134)-FIND(",",E134)-1))+ VALUE(MID(F134,FIND(",",F134)+1,FIND("]",F134)-FIND(",",F134)-1))+ VALUE(MID(G134,FIND(",",G134)+1,FIND("]",G134)-FIND(",",G134)-1)) ) -> 14.28 | M134: =(K134-L134) -> 0.51 | N134: 6.3 | O134: 0 | P134: 53 | Q134: 19.9 | R134: 6 | S134: 14.01 | T134: -14.01 | U134: 4.98 | V134: 111.51 | W134: 25.39 | X134: 60.73 | Y134: 13.94 | Z134: 20.2 | AA134: -1.4 | AB134: 10.61 | AC134: -74.9 | AD134: 160 | AE134: 1460 | AF134: 13.4 | AG134: 0.15 | AH134: 3.37 | AI134: 151.4 | AJ134: 60 | AK134: 9 | AL134: 9 | AM134: 0.05 | AN134: 96 | AO134: 96.44 | AP134: 194048.19 | AQ134: 172101.2 | AR134: 20230124-101016_d70c5c40-a87f-4877-981c-c3a6747e342c | AT134: =(AP134-AQ134)/(365*24*2) -> 1.2526821
A135: 0 | B135: 0 | C135: 0 | D135: 0 | E135: 0 | F135: 0 | G135: 0 | H135: 0 | I135: 0 | J135: 0 | K135: =IF(E135=0,0, VALUE(MID(E135,2,FIND(",",E135)-2))+ VALUE(MID(F135,2,FIND(",",F135)-2))+ VALUE(MID(G135,2,FIND(",",G135)-2)) ) -> 0 | L135: =IF(E135=0,0, VALUE(MID(E135,FIND(",",E135)+1,FIND("]",E135)-FIND(",",E135)-1))+ VALUE(MID(F135,FIND(",",F135)+1,FIND("]",F135)-FIND(",",F135)-1))+ VALUE(MID(G135,FIND(",",G135)+1,FIND("]",G135)-FIND(",",G135)-1)) ) -> 0 | M135: =(K135-L135) -> 0 | N135: 0 | O135: 0 | P135: 0 | Q135: 0 | R135: 0 | S135: 0 | T135: 0 | U135: 0 | V135: 0 | W135: 0 | X135: 0 | Y135: 0 | Z135: 0 | AA135: 0 | AB135: 0 | AC135: 0 | AD135: 0 | AE135: 0 | AF135: 0 | AG135: 0 | AH135: 0 | AI135: 0 | AJ135: 0 | AK135: 0 | AL135: 0 | AM135: 0 | AN135: 0 | AO135: 0 | AP135: 0 | AQ135: 0 | AR135: 0 | AT135: =(AP135-AQ135)/(365*24*2) -> 0
A136: 0 | B136: 6 | C136: 64.79 | D136: 7.8 | E136: [0.0, 0.92] | F136: [19.19, 13.36] | G136: [0.0, 0.0] | H136: [5.64, 0.73] | I136: 0 | J136: 35 | K136: =IF(E136=0,0, VALUE(MID(E136,2,FIND(",",E136)-2))+ VALUE(MID(F136,2,FIND(",",F136)-2))+ VALUE(MID(G136,2,FIND(",",G136)-2)) ) -> 19.19 | L136: =IF(E136=0,0, VALUE(MID(E136,FIND(",",E136)+1,FIND("]",E136)-FIND(",",E136)-1))+ VALUE(MID(F136,FIND(",",F136)+1,FIND("]",F136)-FIND(",",F136)-1))+ VALUE(MID(G136,FIND(",",G136)+1,FIND("]",G136)-FIND(",",G136)-1)) ) -> 14.28 | M136: =(K136-L136) -> 4.91 | N136: 6.3 | O136: 0 | P136: 47 | Q136: 22 | R136: 6 | S136: 14.99 | T136: -14.99 | U136: 1.85 | V136: 41.46 | W136: 9.44 | X136: 22.58 | Y136: 5.18 | Z136: 26.2 | AA136: -2.22 | AB136: 12.24 | AC136: -66.76 | AD136: 160 | AE136: 1460 | AF136: 13.4 | AG136: 0.15 | AH136: 15.75 | AI136: 151.4 | AJ136: 60 | AK136: 9 | AL136: 9 | AM136: 0.05 | AN136: 96 | AO136: 96.44 | AP136: 292660.08 | AQ136: 172101.2 | AR136: 20230124-101016_889ac45a-4342-457e-b5a1-50146a4fddc4 | AT136: =(AP136-AQ136)/(365*24*2) -> 6.8812146
A137: 0 | B137: 0 | C137: 0 | D137: 0 | E137: 0 | F137: 0 | G137: 0 | H137: 0 | I137: 0 | J137: 0 | K137: =IF(E137=0,0, VALUE(MID(E137,2,FIND(",",E137)-2))+ VALUE(MID(F137,2,FIND(",",F137)-2))+ VALUE(MID(G137,2,FIND(",",G137)-2)) ) -> 0 | L137: =IF(E137=0,0, VALUE(MID(E137,FIND(",",E137)+1,FIND("]",E137)-FIND(",",E137)-1))+ VALUE(MID(F137,FIND(",",F137)+1,FIND("]",F137)-FIND(",",F137)-1))+ VALUE(MID(G137,FIND(",",G137)+1,FIND("]",G137)-FIND(",",G137)-1)) ) -> 0 | M137: =(K137-L137) -> 0 | N137: 0 | O137: 0 | P137: 0 | Q137: 0 | R137: 0 | S137: 0 | T137: 0 | U137: 0 | V137: 0 | W137: 0 | X137: 0 | Y137: 0 | Z137: 0 | AA137: 0 | AB137: 0 | AC137: 0 | AD137: 0 | AE137: 0 | AF137: 0 | AG137: 0 | AH137: 0 | AI137: 0 | AJ137: 0 | AK137: 0 | AL137: 0 | AM137: 0 | AN137: 0 | AO137: 0 | AP137: 0 | AQ137: 0 | AR137: 0 | AT137: =(AP137-AQ137)/(365*24*2) -> 0
A138: 0 | B138: 6 | C138: 68.04 | D138: 7.8 | E138: [0.0, 0.92] | F138: [18.59, 13.36] | G138: [0.0, 0.0] | H138: [5.04, 0.73] | I138: 0 | J138: 35 | K138: =IF(E138=0,0, VALUE(MID(E138,2,FIND(",",E138)-2))+ VALUE(MID(F138,2,FIND(",",F138)-2))+ VALUE(MID(G138,2,FIND(",",G138)-2)) ) -> 18.59 | L138: =IF(E138=0,0, VALUE(MID(E138,FIND(",",E138)+1,FIND("]",E138)-FIND(",",E138)-1))+ VALUE(MID(F138,FIND(",",F138)+1,FIND("]",F138)-FIND(",",F138)-1))+ VALUE(MID(G138,FIND(",",G138)+1,FIND("]",G138)-FIND(",",G138)-1)) ) -> 14.28 | M138: =(K138-L138) -> 4.31 | N138: 6.3 | O138: 0 | P138: 47 | Q138: 22 | R138: 6 | S138: 14.99 | T138: -14.99 | U138: 1.94 | V138: 43.55 | W138: 9.91 | X138: 23.72 | Y138: 5.44 | Z138: 25.38 | AA138: -2.18 | AB138: 12.16 | AC138: -66.76 | AD138: 160 | AE138: 1460 | AF138: 13.4 | AG138: 0.15 | AH138: 14.2 | AI138: 151.4 | AJ138: 60 | AK138: 9 | AL138: 9 | AM138: 0.05 | AN138: 96 | AO138: 96.44 | AP138: 279110.57 | AQ138: 172101.2 | AR138: 20230124-101016_bf64faa7-b898-40a7-b952-cd03f1b32e82 | AT138: =(AP138-AQ138)/(365*24*2) -> 6.1078408
A139: 0 | B139: 0 | C139: 0 | D139: 0 | E139: 0 | F139: 0 | G139: 0 | H139: 0 | I139: 0 | J139: 0 | K139: =IF(E139=0,0, VALUE(MID(E139,2,FIND(",",E139)-2))+ VALUE(MID(F139,2,FIND(",",F139)-2))+ VALUE(MID(G139,2,FIND(",",G139)-2)) ) -> 0 | L139: =IF(E139=0,0, VALUE(MID(E139,FIND(",",E139)+1,FIND("]",E139)-FIND(",",E139)-1))+ VALUE(MID(F139,FIND(",",F139)+1,FIND("]",F139)-FIND(",",F139)-1))+ VALUE(MID(G139,FIND(",",G139)+1,FIND("]",G139)-FIND(",",G139)-1)) ) -> 0 | M139: =(K139-L139) -> 0 | N139: 0 | O139: 0 | P139: 0 | Q139: 0 | R139: 0 | S139: 0 | T139: 0 | U139: 0 | V139: 0 | W139: 0 | X139: 0 | Y139: 0 | Z139: 0 | AA139: 0 | AB139: 0 | AC139: 0 | AD139: 0 | AE139: 0 | AF139: 0 | AG139: 0 | AH139: 0 | AI139: 0 | AJ139: 0 | AK139: 0 | AL139: 0 | AM139: 0 | AN139: 0 | AO139: 0 | AP139: 0 | AQ139: 0 | AR139: 0 | AT139: =(AP139-AQ139)/(365*24*2) -> 0
A140: 0 | B140: 6 | C140: 94.25 | D140: 7.8 | E140: [0.0, 0.92] | F140: [16.37, 13.36] | G140: [0.0, 0.0] | H140: [2.82, 0.73] | I140: 0 | J140: 35 | K140: =IF(E140=0,0, VALUE(MID(E140,2,FIND(",",E140)-2))+ VALUE(MID(F140,2,FIND(",",F140)-2))+ VALUE(MID(G140,2,FIND(",",G140)-2)) ) -> 16.37 | L140: =IF(E140=0,0, VALUE(MID(E140,FIND(",",E140)+1,FIND("]",E140)-FIND(",",E140)-1))+ VALUE(MID(F140,FIND(",",F140)+1,FIND("]",F140)-FIND(",",F140)-1))+ VALUE(MID(G140,FIND(",",G140)+1,FIND("]",G140)-FIND(",",G140)-1)) ) -> 14.28 | M140: =(K140-L140) -> 2.09 | N140: 6.3 | O140: 0 | P140: 49 | Q140: 21 | R140: 6 | S140: 14.42 | T140: -14.42 | U140: 2.69 | V140: 60.32 | W140: 13.73 | X140: 32.85 | Y140: 7.54 | Z140: 22.35 | AA140: -1.91 | AB140: 11.62 | AC140: -71.25 | AD140: 160 | AE140: 1460 | AF140: 13.4 | AG140: 0.15 | AH140: 7.92 | AI140: 151.4 | AJ140: 60 | AK140: 9 | AL140: 9 | AM140: 0.05 | AN140: 96 | AO140: 96.44 | AP140: 229321.22 | AQ140: 172101.2 | AR140: 20230124-101016_16e0b150-cb30-4bb6-bb40-315f5b399207 | AT140: =(AP140-AQ140)/(365*24*2) -> 3.2659829
A141: 0 | B141: 0 | C141: 0 | D141: 0 | E141: 0 | F141: 0 | G141: 0 | H141: 0 | I141: 0 | J141: 0 | K141: =IF(E141=0,0, VALUE(MID(E141,2,FIND(",",E141)-2))+ VALUE(MID(F141,2,FIND(",",F141)-2))+ VALUE(MID(G141,2,FIND(",",G141)-2)) ) -> 0 | L141: =IF(E141=0,0, VALUE(MID(E141,FIND(",",E141)+1,FIND("]",E141)-FIND(",",E141)-1))+ VALUE(MID(F141,FIND(",",F141)+1,FIND("]",F141)-FIND(",",F141)-1))+ VALUE(MID(G141,FIND(",",G141)+1,FIND("]",G141)-FIND(",",G141)-1)) ) -> 0 | M141: =(K141-L141) -> 0 | N141: 0 | O141: 0 | P141: 0 | Q141: 0 | R141: 0 | S141: 0 | T141: 0 | U141: 0 | V141: 0 | W141: 0 | X141: 0 | Y141: 0 | Z141: 0 | AA141: 0 | AB141: 0 | AC141: 0 | AD141: 0 | AE141: 0 | AF141: 0 | AG141: 0 | AH141: 0 | AI141: 0 | AJ141: 0 | AK141: 0 | AL141: 0 | AM141: 0 | AN141: 0 | AO141: 0 | AP141: 0 | AQ141: 0 | AR141: 0 | AT141: =(AP141-AQ141)/(365*24*2) -> 0
A142: 0 | B142: 6 | C142: 955.97 | D142: 7.8 | E142: [0.0, 0.0] | F142: [13.74, 13.74] | G142: [0.0, 0.0] | H142: [0.2, 0.2] | I142: 0 | J142: 35 | K142: =IF(E142=0,0, VALUE(MID(E142,2,FIND(",",E142)-2))+ VALUE(MID(F142,2,FIND(",",F142)-2))+ VALUE(MID(G142,2,FIND(",",G142)-2)) ) -> 13.74 | L142: =IF(E142=0,0, VALUE(MID(E142,FIND(",",E142)+1,FIND("]",E142)-FIND(",",E142)-1))+ VALUE(MID(F142,FIND(",",F142)+1,FIND("]",F142)-FIND(",",F142)-1))+ VALUE(MID(G142,FIND(",",G142)+1,FIND("]",G142)-FIND(",",G142)-1)) ) -> 13.74 | M142: =(K142-L142) -> 0 | N142: 6.3 | O142: 0 | P142: 57 | Q142: 17.9 | R142: 6 | S142: 12.76 | T142: -12.76 | U142: 27.31 | V142: 611.82 | W142: 139.3 | X142: 333.22 | Y142: 76.48 | Z142: 70.3 | AA142: 0 | AB142: 7.8 | AC142: -88.79 | AD142: 160 | AE142: 1460 | AF142: 13.4 | AG142: 0.15 | AH142: 0.51 | AI142: 567.14 | AJ142: 60 | AK142: 9 | AL142: 9 | AM142: 0.01 | AN142: 96 | AO142: 96.12 | AP142: 170546.88 | AQ142: 170546.88 | AR142: 20230124-101537_cfb63724-365e-4ed3-ba47-45ce8e6b06f4 | AT142: =(AP142-AQ142)/(365*24*2) -> 0
A143: 0 | B143: 6 | C143: 115.96 | D143: 7.8 | E143: [0.0, 0.92] | F143: [15.64, 13.36] | G143: [0.0, 0.0] | H143: [2.09, 0.73] | I143: 0 | J143: 35 | K143: =IF(E143=0,0, VALUE(MID(E143,2,FIND(",",E143)-2))+ VALUE(MID(F143,2,FIND(",",F143)-2))+ VALUE(MID(G143,2,FIND(",",G143)-2)) ) -> 15.64 | L143: =IF(E143=0,0, VALUE(MID(E143,FIND(",",E143)+1,FIND("]",E143)-FIND(",",E143)-1))+ VALUE(MID(F143,FIND(",",F143)+1,FIND("]",F143)-FIND(",",F143)-1))+ VALUE(MID(G143,FIND(",",G143)+1,FIND("]",G143)-FIND(",",G143)-1)) ) -> 14.28 | M143: =(K143-L143) -> 1.36 | N143: 6.3 | O143: 0 | P143: 66 | Q143: 16.8 | R143: 6 | S143: 12.83 | T143: -12.83 | U143: 3.31 | V143: 74.21 | W143: 16.9 | X143: 40.42 | Y143: 9.28 | Z143: 21.35 | AA143: -1.74 | AB143: 11.28 | AC143: -87.79 | AD143: 160 | AE143: 1460 | AF143: 13.4 | AG143: 0.15 | AH143: 5.79 | AI143: 151.4 | AJ143: 60 | AK143: 9 | AL143: 9 | AM143: 0.05 | AN143: 96 | AO143: 96.44 | AP143: 213014.14 | AQ143: 172101.2 | AR143: 20230124-101537_f663ea6c-d19a-4adc-8951-5ba520df8ad8 | AT143: =(AP143-AQ143)/(365*24*2) -> 2.3352135
A144: 0 | B144: 6 | C144: 461.95 | D144: 7.8 | E144: [0.0, 0.92] | F144: [13.97, 13.36] | G144: [0.0, 0.0] | H144: [0.42, 0.73] | I144: 0 | J144: 35 | K144: =IF(E144=0,0, VALUE(MID(E144,2,FIND(",",E144)-2))+ VALUE(MID(F144,2,FIND(",",F144)-2))+ VALUE(MID(G144,2,FIND(",",G144)-2)) ) -> 13.97 | L144: =IF(E144=0,0, VALUE(MID(E144,FIND(",",E144)+1,FIND("]",E144)-FIND(",",E144)-1))+ VALUE(MID(F144,FIND(",",F144)+1,FIND("]",F144)-FIND(",",F144)-1))+ VALUE(MID(G144,FIND(",",G144)+1,FIND("]",G144)-FIND(",",G144)-1)) ) -> 14.28 | M144: =(K144-L144) -> -0.31 | N144: 6.3 | O144: 0 | P144: 56 | Q144: 17.7 | R144: 6 | S144: 12.46 | T144: -12.46 | U144: 13.2 | V144: 295.65 | W144: 67.31 | X144: 161.02 | Y144: 36.96 | Z144: 19.07 | AA144: -0.6 | AB144: 9 | AC144: -92.9 | AD144: 160 | AE144: 1460 | AF144: 13.4 | AG144: 0.15 | AH144: 1.1 | AI144: 151.4 | AJ144: 60 | AK144: 9 | AL144: 9 | AM144: 0.05 | AN144: 96 | AO144: 96.44 | AP144: 175533.11 | AQ144: 172101.2 | AR144: 20230124-101537_b3654c60-7a97-460f-9d23-649d87d5482b | AT144: =(AP144-AQ144)/(365*24*2) -> 0.19588527
A145: 0 | B145: 6 | C145: 497.97 | D145: 7.8 | E145: [0.0, 0.92] | F145: [13.93, 13.36] | G145: [0.0, 0.0] | H145: [0.39, 0.73] | I145: 0 | J145: 35 | K145: =IF(E145=0,0, VALUE(MID(E145,2,FIND(",",E145)-2))+ VALUE(MID(F145,2,FIND(",",F145)-2))+ VALUE(MID(G145,2,FIND(",",G145)-2)) ) -> 13.93 | L145: =IF(E145=0,0, VALUE(MID(E145,FIND(",",E145)+1,FIND("]",E145)-FIND(",",E145)-1))+ VALUE(MID(F145,FIND(",",F145)+1,FIND("]",F145)-FIND(",",F145)-1))+ VALUE(MID(G145,FIND(",",G145)+1,FIND("]",G145)-FIND(",",G145)-1)) ) -> 14.28 | M145: =(K145-L145) -> -0.35 | N145: 6.3 | O145: 0 | P145: 57 | Q145: 17.4 | R145: 6 | S145: 12.31 | T145: -12.31 | U145: 14.23 | V145: 318.7 | W145: 72.56 | X145: 173.58 | Y145: 39.84 | Z145: 19.03 | AA145: -0.54 | AB145: 8.88 | AC145: -95.03 | AD145: 160 | AE145: 1460 | AF145: 13.4 | AG145: 0.15 | AH145: 1.01 | AI145: 151.4 | AJ145: 60 | AK145: 9 | AL145: 9 | AM145: 0.05 | AN145: 96 | AO145: 96.44 | AP145: 174815.24 | AQ145: 172101.2 | AR145: 20230124-101537_f988a61b-bce6-4361-a82b-aecb8b4f7563 | AT145: =(AP145-AQ145)/(365*24*2) -> 0.15491096
A146: 0 | B146: 6 | C146: 62.29 | D146: 7.8 | E146: [0.0, 0.92] | F146: [19.79, 13.36] | G146: [0.0, 0.0] | H146: [6.24, 0.73] | I146: 0 | J146: 35 | K146: =IF(E146=0,0, VALUE(MID(E146,2,FIND(",",E146)-2))+ VALUE(MID(F146,2,FIND(",",F146)-2))+ VALUE(MID(G146,2,FIND(",",G146)-2)) ) -> 19.79 | L146: =IF(E146=0,0, VALUE(MID(E146,FIND(",",E146)+1,FIND("]",E146)-FIND(",",E146)-1))+ VALUE(MID(F146,FIND(",",F146)+1,FIND("]",F146)-FIND(",",F146)-1))+ VALUE(MID(G146,FIND(",",G146)+1,FIND("]",G146)-FIND(",",G146)-1)) ) -> 14.28 | M146: =(K146-L146) -> 5.51 | N146: 6.3 | O146: 0 | P146: 49 | Q146: 21.7 | R146: 6 | S146: 15.02 | T146: -15.02 | U146: 1.78 | V146: 39.87 | W146: 9.08 | X146: 21.71 | Y146: 4.98 | Z146: 27.02 | AA146: -2.25 | AB146: 12.31 | AC146: -66.52 | AD146: 160 | AE146: 1460 | AF146: 13.4 | AG146: 0.15 | AH146: 17.19 | AI146: 151.4 | AJ146: 60 | AK146: 9 | AL146: 9 | AM146: 0.05 | AN146: 96 | AO146: 96.44 | AP146: 306117.93 | AQ146: 172101.2 | AR146: 20230124-101537_e34cd39b-c400-4629-ade9-974a5130e623 | AT146: =(AP146-AQ146)/(365*24*2) -> 7.6493567
A147: 0 | B147: 6 | C147: 75.06 | D147: 7.8 | E147: [0.0, 0.92] | F147: [17.68, 13.36] | G147: [0.0, 0.0] | H147: [4.13, 0.73] | I147: 0 | J147: 35 | K147: =IF(E147=0,0, VALUE(MID(E147,2,FIND(",",E147)-2))+ VALUE(MID(F147,2,FIND(",",F147)-2))+ VALUE(MID(G147,2,FIND(",",G147)-2)) ) -> 17.68 | L147: =IF(E147=0,0, VALUE(MID(E147,FIND(",",E147)+1,FIND("]",E147)-FIND(",",E147)-1))+ VALUE(MID(F147,FIND(",",F147)+1,FIND("]",F147)-FIND(",",F147)-1))+ VALUE(MID(G147,FIND(",",G147)+1,FIND("]",G147)-FIND(",",G147)-1)) ) -> 14.28 | M147: =(K147-L147) -> 3.4 | N147: 6.3 | O147: 0 | P147: 64 | Q147: 17.5 | R147: 6 | S147: 13.24 | T147: -13.24 | U147: 2.14 | V147: 48.04 | W147: 10.94 | X147: 26.16 | Y147: 6 | Z147: 24.14 | AA147: -2.1 | AB147: 12 | AC147: -82.87 | AD147: 160 | AE147: 1460 | AF147: 13.4 | AG147: 0.15 | AH147: 11.71 | AI147: 151.4 | AJ147: 60 | AK147: 9 | AL147: 9 | AM147: 0.05 | AN147: 96 | AO147: 96.44 | AP147: 258754.95 | AQ147: 172101.2 | AR147: 20230124-101537_2216429f-de4c-4839-add0-f2e5ad9d6959 | AT147: =(AP147-AQ147)/(365*24*2) -> 4.9459903
